Country,Dystopia.Residual,Freedom,Economy..GDP.per.Capita.,Health..Life.Expectancy.,Trust..Government.Corruption.,Family,Happiness.Score,Happiness.Rank,year
Switzerland,2.517383098602295,0.6655732989311218,1.3965054750442505,0.9414322972297668,0.4197767972946167,1.349505066871643,7.586951315402985,1.0,2014
Iceland,2.7020130157470703,0.6287720799446106,1.302323579788208,0.9478443264961243,0.1414513736963272,1.4022310972213745,7.560932204127312,2.0,2014
Denmark,2.49204158782959,0.6493837237358093,1.3254776000976562,0.8746413588523865,0.48357346653938293,1.3605808019638062,7.527084767818451,3.0,2014
Norway,2.4653115272521973,0.6697317957878113,1.4589966535568237,0.8852090239524841,0.3650342524051666,1.3309545516967773,7.522226959466934,4.0,2014
Canada,2.4517555236816406,0.6329675912857056,1.326291561126709,0.905630886554718,0.32957300543785095,1.3226081132888794,7.426935702562332,5.0,2014
Finland,2.619551181793213,0.6416934132575989,1.2902485132217407,0.8891108632087708,0.4137178957462311,1.318263053894043,7.406092569231987,6.0,2014
Netherlands,2.4657034873962402,0.6157615184783936,1.329444169998169,0.8928382992744446,0.3181394338607788,1.2801730632781982,7.378163903951645,7.0,2014
Sweden,2.3711905479431152,0.6597970724105835,1.3317080736160278,0.9108656644821167,0.4384358823299408,1.2890704870224,7.3636877834796906,8.0,2014
New Zealand,2.264252185821533,0.6393776535987854,1.2501846551895142,0.9083706140518188,0.4292156398296356,1.3196744918823242,7.286085307598114,9.0,2014
Australia,2.266460418701172,0.6512437462806702,1.333584189414978,0.9315558671951294,0.3563651144504547,1.309228539466858,7.284053713083267,10.0,2014
Israel,3.0885424613952637,0.41318896412849426,1.2285701036453247,0.9138688445091248,0.07785235345363617,1.2239304780960083,7.277671709656715,11.0,2014
Costa Rica,3.1772756576538086,0.6337592005729675,0.9557815790176392,0.8602736592292786,0.10582569241523743,1.237881064414978,7.225762665271759,12.0,2014
Austria,2.533203125,0.6243348121643066,1.337232232093811,0.8904216289520264,0.18676167726516724,1.2970412969589233,7.199879705905914,13.0,2014
Mexico,3.6021432876586914,0.48181062936782837,1.0205351114273071,0.8144438862800598,0.21312271058559418,0.9145077466964722,7.187303587794304,14.0,2014
United States,2.5101094245910645,0.5460351705551147,1.39451003074646,0.8617852330207825,0.1588958501815796,1.247112512588501,7.119499742984772,15.0,2014
Brazil,3.260014057159424,0.4904896318912506,0.9812370538711548,0.6970232129096985,0.17521308362483978,1.2328730821609497,6.9825886487960815,16.0,2014
Luxembourg,1.9696130752563477,0.6158339977264404,1.5639073848724365,0.9189427495002747,0.3779769539833069,1.2196252346038818,6.9462359845638275,17.0,2014
Ireland,1.9756956100463867,0.6177714467048645,1.335956335067749,0.8953328728675842,0.2870289087295532,1.369476079940796,6.940270721912384,18.0,2014
Belgium,2.4148411750793457,0.5845032334327698,1.3078160285949707,0.8966666460037231,0.22539566457271576,1.2856636047363281,6.937384083867073,19.0,2014
United Arab Emirates,2.247431755065918,0.6415680646896362,1.4272655248641968,0.8092490434646606,0.3858330547809601,1.1257519721984863,6.901375949382782,20.0,2014
United Kingdom,1.969937801361084,0.5962530970573425,1.2663744688034058,0.9094294905662537,0.32066774368286133,1.285476803779602,6.867259860038757,21.0,2014
Oman,2.4748873710632324,0.6327377557754517,1.3601137399673462,0.7627609968185425,0.32524338364601135,1.0818194150924683,6.852982044219971,22.0,2014
Venezuela,3.1913087368011475,0.42908212542533875,1.0442367792129517,0.7205224633216858,0.11069396138191223,1.255958914756775,6.810215521603823,23.0,2014
Singapore,1.8850126266479492,0.5425164103507996,1.5218589305877686,1.0252474546432495,0.4920996427536011,1.020002007484436,6.79778578877449,24.0,2014
Panama,2.8484771251678467,0.5421037673950195,1.0635285377502441,0.7966067790985107,0.09269940108060837,1.1985034942626953,6.786255769431591,25.0,2014
Germany,2.1156907081604004,0.6147743463516235,1.3279228210449219,0.8918586373329163,0.2184283584356308,1.2993712425231934,6.750185891985893,26.0,2014
Chile,2.6758475303649902,0.4413207769393921,1.1071531772613525,0.8585676550865173,0.12869104743003845,1.1244657039642334,6.669679760932922,27.0,2014
Qatar,1.5567445755004883,0.6403955221176147,1.6904151439666748,0.797332227230072,0.5220775604248047,1.0786023139953613,6.611298680305481,28.0,2014
France,2.2112574577331543,0.5501102209091187,1.2777832746505737,0.9457859396934509,0.2064589112997055,1.2603751420974731,6.575087279081345,29.0,2014
Argentina,2.8359971046447754,0.44973647594451904,1.0535051822662354,0.7872301340103149,0.08483657240867615,1.2482333183288574,6.574047178030014,30.0,2014
Czech Republic,2.677818536758423,0.4636433720588684,1.178981900215149,0.8448317050933838,0.026519712060689926,1.2064344882965088,6.505086820572615,31.0,2014
Uruguay,2.321418285369873,0.6036234498023987,1.0616637468338013,0.8116036653518677,0.24558082222938538,1.2089003324508667,6.4851900935173035,32.0,2014
Colombia,2.8573720455169678,0.5346603393554688,0.9186127781867981,0.6907688975334167,0.05119859054684639,1.2401843070983887,6.476805571466684,33.0,2014
Thailand,2.3194494247436523,0.556643009185791,0.966903030872345,0.7384974360466003,0.031869545578956604,1.2650448083877563,6.4547115713357925,34.0,2014
Saudi Arabia,2.4387154579162598,0.3104800879955292,1.3954102993011475,0.7202511429786682,0.32524338364601135,1.0839251279830933,6.4110818058252335,35.0,2014
Spain,2.123666286468506,0.45950600504875183,1.2301145792007446,0.955624520778656,0.0639830231666565,1.313787579536438,6.328954771161079,36.0,2014
Malta,1.6487956047058105,0.6036502718925476,1.2074004411697388,0.8872127532958984,0.13585534691810608,1.3020275831222534,6.302458792924881,37.0,2014
Taiwan,2.3232250213623047,0.3974021077156067,1.2909841537475586,0.875296950340271,0.08129125833511353,1.0761727094650269,6.298129498958588,38.0,2014
Kuwait,1.8763389587402344,0.5549926161766052,1.5542168617248535,0.7249237895011902,0.2560912072658539,1.1659356355667114,6.294776573777199,39.0,2014
Suriname,2.790938377380371,0.5965728759765625,0.9953415393829346,0.6081960201263428,0.1363324224948883,0.9719968438148499,6.269286572933197,40.0,2014
Trinidad and Tobago,2.268817663192749,0.5588434934616089,1.21183443069458,0.6148324012756348,0.011400151997804642,1.1835432052612305,6.16770701482892,41.0,2014
El Salvador,3.034996747970581,0.4034976661205292,0.7645442485809326,0.6773651242256165,0.11776258796453476,1.0250706672668457,6.130161710083485,42.0,2014
Guatemala,2.7425537109375,0.577329695224762,0.7455330491065979,0.6442505121231079,0.09472046792507172,1.0435614585876465,6.122836574912071,43.0,2014
Uzbekistan,2.2374095916748047,0.658213198184967,0.6324370503425598,0.597719132900238,0.3082578778266907,1.3404324054718018,6.002842053771019,44.0,2014
Slovakia,2.246385335922241,0.31751134991645813,1.168908715248108,0.7890218496322632,0.034308820962905884,1.2699871063232422,5.99505141377449,45.0,2014
Japan,1.6843509674072266,0.4961473345756531,1.2707356214523315,0.991111695766449,0.18060250580310822,1.2571158409118652,5.987117402255535,46.0,2014
South Korea,2.2197766304016113,0.3320847153663635,1.2446057796478271,0.9653759002685547,0.07856930047273636,0.957741916179657,5.983719728887081,47.0,2014
Ecuador,2.5394246578216553,0.48574259877204895,0.8640222549438477,0.7907510995864868,0.18089690804481506,0.9990305304527283,5.975276485085487,48.0,2014
Bahrain,1.737968921661377,0.4549177885055542,1.323762059211731,0.7471574544906616,0.3059970736503601,1.2162439823150635,5.9596686363220215,49.0,2014
Italy,2.0251784324645996,0.26235753297805786,1.2511367797851562,0.9544609785079956,0.029006410390138626,1.1977747678756714,5.948146749287844,50.0,2014
Bolivia,2.823338508605957,0.5741379261016846,0.6813332438468933,0.5391967296600342,0.0879974290728569,0.9784135222434998,5.889781393110752,51.0,2014
Moldova,3.1071219444274902,0.32817894220352173,0.5944753289222717,0.6182573437690735,0.01614898256957531,1.0152755975723267,5.888972861692309,52.0,2014
Paraguay,2.1889572143554688,0.5389873385429382,0.7598462700843811,0.6609799265861511,0.08241582661867142,1.3047715425491333,5.878355450928211,53.0,2014
Kazakhstan,2.2472872734069824,0.5164876580238342,1.1225411891937256,0.6436823606491089,0.08453738689422607,1.1224091053009033,5.855216421186924,54.0,2014
Slovenia,1.61582612991333,0.6085531711578369,1.1849778890609741,0.8733711838722229,0.03786863759160042,1.2738475799560547,5.847725946456194,55.0,2014
Lithuania,2.446493148803711,0.2134227752685547,1.1472342014312744,0.7312769293785095,0.010314342565834522,1.2574464082717896,5.832594915293157,56.0,2014
Nicaragua,2.3240718841552734,0.554745614528656,0.5932456851005554,0.7431443929672241,0.19317077100276947,1.1418377161026,5.828367307782173,57.0,2014
Peru,2.5945029258728027,0.4149584174156189,0.9001891613006592,0.7301655411720276,0.05989339202642441,0.9745863676071167,5.824115268886089,58.0,2014
Belarus,2.1309030055999756,0.37937718629837036,1.0319230556488037,0.7360767722129822,0.1909024566411972,1.2328851222991943,5.812531426548958,59.0,2014
Poland,1.8656482696533203,0.5312156081199646,1.1255497932434082,0.7790307998657227,0.04211710765957832,1.2794792652130127,5.79063268378377,60.0,2014
Malaysia,1.8854084014892578,0.5302394032478333,1.124861717224121,0.7239375710487366,0.10500610619783401,1.0702317953109741,5.770437307655811,61.0,2014
Croatia,2.754143238067627,0.25883299112319946,1.0825388431549072,0.7880523204803467,0.02429807186126709,0.7962421774864197,5.75854729488492,62.0,2014
Libya,2.0906624794006348,0.41668209433555603,1.131445288658142,0.7038037180900574,0.1102297231554985,1.1186193227767944,5.754393957555294,63.0,2014
Russia,2.2739415168762207,0.366788387298584,1.1376441717147827,0.6692614555358887,0.03004995733499527,1.2361687421798706,5.715842820936814,64.0,2014
Jamaica,2.320375919342041,0.5044169425964355,0.8103764653205872,0.6874058246612549,0.022986866533756256,1.1510224342346191,5.70888664573431,65.0,2014
North Cyprus,1.5988807678222656,0.49026885628700256,1.2080583572387695,0.9235645532608032,0.1428033709526062,1.0700846910476685,5.6953529715538025,66.0,2014
Cyprus,1.8893067836761475,0.40672048926353455,1.2081259489059448,0.9235638976097107,0.06145940721035004,0.8931798338890076,5.6887364238500595,67.0,2014
Algeria,2.4320852756500244,0.28578639030456543,0.9392903447151184,0.6176592111587524,0.173831969499588,1.0777194499969482,5.604595765471458,68.0,2014
Kosovo,2.765791416168213,0.2474878430366516,0.801479160785675,0.6313248872756958,0.04740874841809273,0.8119763731956482,5.588563937693834,69.0,2014
Turkmenistan,1.8698363304138184,0.4760950207710266,0.9584747552871704,0.5388583540916443,0.30843743681907654,1.2266793251037598,5.5481696128845215,70.0,2014
Mauritius,1.7614455223083496,0.560658872127533,1.0076080560684204,0.7094982862472534,0.07520783692598343,0.9852096438407898,5.477073140442371,71.0,2014
Hong Kong,0.6542925834655762,0.5960788726806641,1.3860398530960083,1.0132840871810913,0.3712384104728699,1.0581789016723633,5.473890244960785,72.0,2014
Estonia,1.5878233909606934,0.4488757252693176,1.1517446041107178,0.773612380027771,0.15184319019317627,1.227912425994873,5.428614124655724,73.0,2014
Indonesia,1.863987922668457,0.466109961271286,0.8282715678215027,0.6379332542419434,0.0,1.0870755910873413,5.398730665445328,74.0,2014
Vietnam,2.201725721359253,0.5944404006004333,0.6321598887443542,0.7467592358589172,0.10441029816865921,0.91225665807724,5.360351152718067,75.0,2014
Turkey,2.0852837562561035,0.22815127670764923,1.0609843730926514,0.7317233085632324,0.15745551884174347,0.9463184475898743,5.332449823617935,76.0,2014
Kyrgyzstan,2.232701539993286,0.43477389216423035,0.47427865862846375,0.6508838534355164,0.04231572151184082,1.1511545181274414,5.286410421133041,77.0,2014
Nigeria,2.8931946754455566,0.34333959221839905,0.6543517112731934,0.16006521880626678,0.04030478745698929,0.9043177962303162,5.26790627092123,78.0,2014
Bhutan,1.637944221496582,0.5320645570755005,0.7704214453697205,0.5740664005279541,0.15444841980934143,1.103949785232544,5.252877235412598,79.0,2014
Azerbaijan,2.0007283687591553,0.37029629945755005,1.023888349533081,0.6404525637626648,0.1606540083885193,0.9379320740699768,5.21194452047348,80.0,2014
Pakistan,3.1070921421051025,0.12101595103740692,0.5954253077507019,0.5146593451499939,0.10464338213205338,0.41411247849464417,5.193657867610455,81.0,2014
Jordan,1.879955768585205,0.4066114127635956,0.9019771814346313,0.6963943839073181,0.14293202757835388,1.0539214611053467,5.192318879067898,82.0,2014
Montenegro,2.1001663208007812,0.18259692192077637,0.9743800163269043,0.7252116203308105,0.14295557141304016,0.9055719971656799,5.192278906702995,83.0,2014
China,1.8603956699371338,0.5169711709022522,0.8901150822639465,0.8165810108184814,0.027811555191874504,0.9467453956604004,5.140474362298846,84.0,2014
Zambia,2.6342976093292236,0.4882696866989136,0.47037702798843384,0.2992437183856964,0.12467648088932037,0.9161168932914734,5.128892362117767,85.0,2014
Romania,1.93129301071167,0.35067763924598694,1.04344642162323,0.7689010500907898,0.006486494094133377,0.8858759999275208,5.124158266931772,86.0,2014
Serbia,2.0249969959259033,0.20106852054595947,0.9205288887023926,0.7483595013618469,0.0261703934520483,1.0096449851989746,5.1230782475322485,87.0,2014
Portugal,1.2646210193634033,0.5146886110305786,1.1599103212356567,0.8751893043518066,0.010777601972222328,1.1393535137176514,5.101733574643731,88.0,2014
Latvia,1.622154712677002,0.2967125475406647,1.1131203174591064,0.724371075630188,0.06332152336835861,1.095621109008789,5.09756288677454,89.0,2014
Philippines,1.7535953521728516,0.6254458427429199,0.7053245306015015,0.5811386108398438,0.12278645485639572,1.035159707069397,5.07336138933897,90.0,2014
Somaliland region,2.110318422317505,0.4658168852329254,0.1884659379720688,0.43872618675231934,0.3992832899093628,0.9515199065208435,5.057314351201057,91.0,2014
Morocco,2.4537253379821777,0.41691499948501587,0.7347908616065979,0.6095390319824219,0.0854569748044014,0.640947699546814,5.013092048466206,92.0,2014
Macedonia,1.7393302917480469,0.3345734179019928,0.918506383895874,0.7354450225830078,0.05327152460813522,1.0023236274719238,5.007038123905659,93.0,2014
Mozambique,3.0513675212860107,0.3403666317462921,0.08308224380016327,0.09131000190973282,0.15603338181972504,1.0262610912322998,4.971111781895161,94.0,2014
Albania,1.8989386558532715,0.3573255240917206,0.8786748647689819,0.8132535219192505,0.06412675231695175,0.8043391108512878,4.959383375942707,95.0,2014
Bosnia and Herzegovina,2.0636680126190186,0.09244989603757858,0.8322319984436035,0.7908068299293518,0.002265671966597438,0.9191550016403198,4.948661717353389,96.0,2014
Lesotho,2.798321008682251,0.3176727294921875,0.37545108795166016,0.07611747831106186,0.12503819167613983,1.0410317182540894,4.897514753043652,97.0,2014
Dominican Republic,1.2130520343780518,0.5767211318016052,0.8953704833984375,0.6682500243186951,0.14234499633312225,1.1720205545425415,4.884596407413483,98.0,2014
Laos,1.737992525100708,0.5959079265594482,0.5906589031219482,0.5490890145301819,0.24249450862407684,0.7380263805389404,4.876084879040718,99.0,2014
Mongolia,1.3475947380065918,0.43626073002815247,0.8281857371330261,0.6026848554611206,0.026656778529286385,1.3005961179733276,4.874280335381627,100.0,2014
Swaziland,2.4867632389068604,0.3065832853317261,0.7120630741119385,0.0756555125117302,0.03059939667582512,1.0728355646133423,4.8670911975204945,101.0,2014
Greece,1.8010103702545166,0.07698676735162735,1.1540607213974,0.8821253776550293,0.013966628350317478,0.9293330907821655,4.857482955791056,102.0,2014
Lebanon,1.5705947875976562,0.3391585052013397,1.025640845298767,0.8394744992256165,0.04582242667675018,0.8000108003616333,4.8392438143491745,103.0,2014
Hungary,1.2407357692718506,0.3211234509944916,1.1209444999694824,0.7590481042861938,0.027577422559261322,1.2021455764770508,4.799575798213482,104.0,2014
Honduras,1.8440752029418945,0.4014836251735687,0.5953189134597778,0.6951014399528503,0.06824742257595062,0.9534838199615479,4.78798446059227,105.0,2014
Tajikistan,2.1139917373657227,0.4721604585647583,0.39047133922576904,0.5737873911857605,0.15072223544120789,0.8556270003318787,4.786499425768852,106.0,2014
Tunisia,2.1246554851531982,0.26268139481544495,0.8811344504356384,0.7379265427589417,0.06357750296592712,0.6042870283126831,4.738574884831905,107.0,2014
Palestinian Territories,2.043837547302246,0.24498555064201355,0.5986737012863159,0.6601547598838806,0.12904691696166992,0.9255763292312622,4.714782692492008,108.0,2014
Bangladesh,2.517665386199951,0.4082033634185791,0.39752793312072754,0.6016359329223633,0.1256944239139557,0.43106043338775635,4.694005012512207,109.0,2014
Iran,1.6944043636322021,0.3003270924091339,1.0087956190109253,0.6980504393577576,0.05862633138895035,0.5444700121879578,4.685529716312885,110.0,2014
Ukraine,1.5713987350463867,0.251228004693985,0.7990684509277344,0.6739020347595215,0.029612312093377113,1.2027833461761475,4.680740738287568,111.0,2014
Iraq,1.9533476829528809,0.0,0.9854945540428162,0.6023705005645752,0.13787689805030823,0.818892776966095,4.677203267812729,112.0,2014
South Africa,1.7195613384246826,0.33206573128700256,0.9204925298690796,0.276875376701355,0.08884299546480179,1.1846833229064941,4.642252072691917,113.0,2014
Ghana,2.3091869354248047,0.423421174287796,0.5455775856971741,0.40132060647010803,0.04355050250887871,0.6795393228530884,4.633465837687254,114.0,2014
Zimbabwe,2.4419069290161133,0.2586132287979126,0.2709968388080597,0.33474674820899963,0.08079320192337036,1.0327568054199219,4.609685018658638,115.0,2014
Liberia,2.777285575866699,0.2853076457977295,0.07120106369256973,0.34200990200042725,0.06231933459639549,0.7896755337715149,4.571419287472963,116.0,2014
India,2.275130271911621,0.3978632092475891,0.6449915170669556,0.5152925252914429,0.0849171057343483,0.3817361891269684,4.564683802425861,117.0,2014
Sudan,2.2085719108581543,0.10081397742033005,0.5210733413696289,0.36878058314323425,0.14660465717315674,1.0140389204025269,4.550499387085438,118.0,2014
Haiti,2.2417285442352295,0.24425089359283447,0.266731858253479,0.38847264647483826,0.1717544049024582,0.7430160045623779,4.517824247479439,119.0,2014
Congo (Kinshasa),2.8671231269836426,0.22605392336845398,0.0,0.09805943816900253,0.07624524086713791,1.0011951923370361,4.5170130878686905,120.0,2014
Nepal,1.9563724994659424,0.38282421231269836,0.35996824502944946,0.5687413215637207,0.05906721577048302,0.8644945025444031,4.514423456043005,121.0,2014
Ethiopia,2.4487569332122803,0.43449899554252625,0.19072705507278442,0.4405522048473358,0.15047518908977509,0.6040573716163635,4.5123128443956375,122.0,2014
Sierra Leone,2.510089874267578,0.40840059518814087,0.33023926615715027,0.0,0.08785772323608398,0.9557083249092102,4.5071782022714615,123.0,2014
Mauritania,2.11773419380188,0.24232342839241028,0.45406630635261536,0.35873886942863464,0.17461147904396057,0.869077205657959,4.435547739267349,124.0,2014
Kenya,1.7855489253997803,0.4221534729003906,0.3647088408470154,0.4143494963645935,0.05838824063539505,0.9987627863883972,4.41933623701334,125.0,2014
Djibouti,2.0512490272521973,0.46074461936950684,0.4402509331703186,0.3629094660282135,0.281047523021698,0.5920659303665161,4.369193494319916,126.0,2014
Armenia,1.758725643157959,0.19847367703914642,0.7682119607925415,0.7298973798751831,0.03900465741753578,0.7771132588386536,4.349979799240828,127.0,2014
Botswana,1.46181058883667,0.4949495494365692,0.9935454726219177,0.047760095447301865,0.12474299967288971,1.10463547706604,4.33204985037446,128.0,2014
Myanmar,1.4180457592010498,0.4401707053184509,0.27107536792755127,0.4824623167514801,0.19033539295196533,0.7090504765510559,4.307024925947189,129.0,2014
Georgia,1.5954079627990723,0.4057740271091461,0.7418988943099976,0.729263961315155,0.3833073675632477,0.38561907410621643,4.296738263219595,130.0,2014
Malawi,2.8079071044921875,0.43053746223449707,0.016037127003073692,0.2256191521883011,0.06976959854364395,0.41133856773376465,4.292486531659961,131.0,2014
Sri Lanka,0.6710786819458008,0.5372617840766907,0.8352369070053101,0.7080631852149963,0.09178527444601059,1.0190520286560059,4.270754866302013,132.0,2014
Cameroon,1.9507083892822266,0.49309012293815613,0.42249956727027893,0.23402360081672668,0.05785707011818886,0.887671172618866,4.252030465751886,133.0,2014
Bulgaria,0.8999073505401611,0.3058699369430542,1.0121557712554932,0.7664902806282043,0.008720639161765575,1.1061394214630127,4.218494045548141,134.0,2014
Egypt,1.599271535873413,0.17288018763065338,0.8817957639694214,0.6171185970306396,0.0632447600364685,0.746999979019165,4.194217793643475,135.0,2014
Yemen,1.9231288433074951,0.3557077944278717,0.546491801738739,0.4006442129611969,0.07854297012090683,0.6809291243553162,4.076758362352848,136.0,2014
Angola,1.9493906497955322,0.10384318232536316,0.7577845454216003,0.16682711243629456,0.07121560722589493,0.8603982329368591,4.032897472381592,137.0,2014
Mali,1.7929298877716064,0.3885749578475952,0.26074498891830444,0.20582932233810425,0.12351744621992111,1.0352624654769897,3.994840882718563,138.0,2014
Congo (Brazzaville),1.6813538074493408,0.4146614372730255,0.6786612272262573,0.31050941348075867,0.11685527861118317,0.6628953814506531,3.9888196513056755,139.0,2014
Comoros,1.9581212997436523,0.22916603088378906,0.239056795835495,0.36315059661865234,0.19900326430797577,0.7927318215370178,3.9556403011083603,140.0,2014
Uganda,1.4276628494262695,0.45727431774139404,0.2110227793455124,0.33861321210861206,0.07266659289598465,1.132986307144165,3.9308891519904137,141.0,2014
Senegal,1.4439473152160645,0.3677188754081726,0.36497512459754944,0.4354014992713928,0.10713297873735428,0.9761861562728882,3.9037869796156883,142.0,2014
Gabon,0.998950719833374,0.31914469599723816,1.0602350234985352,0.43372178077697754,0.11090680956840515,0.9052773714065552,3.8964523524045944,143.0,2014
Niger,1.878767728805542,0.4769163727760315,0.069399394094944,0.29707071185112,0.15639151632785797,0.7726476788520813,3.8450591638684273,144.0,2014
Cambodia,0.9819471836090088,0.6624560356140137,0.4603802561759949,0.611137866973877,0.07247062027454376,0.6273562908172607,3.819339618086815,145.0,2014
Tanzania,1.3807945251464844,0.3287803530693054,0.28519946336746216,0.38215172290802,0.05746684595942497,1.0026768445968628,3.7808427326381207,146.0,2014
Madagascar,1.8510030508041382,0.19183924794197083,0.20824499428272247,0.46720877289772034,0.08123920857906342,0.668012797832489,3.680881515145302,147.0,2014
Central African Republic,2.722296714782715,0.48879489302635193,0.07850123196840286,0.06699179112911224,0.08289298415184021,0.0,3.677826352417469,148.0,2014
Chad,1.9429600238800049,0.2350059151649475,0.3419286608695984,0.1501002460718155,0.052687205374240875,0.760618269443512,3.667161889374256,149.0,2014
Guinea,1.9917161464691162,0.3772527277469635,0.17416734993457794,0.240090012550354,0.12138929963111877,0.4647497236728668,3.6559324115514755,150.0,2014
Ivory Coast,1.4172255992889404,0.468659371137619,0.46534401178359985,0.15185026824474335,0.17921631038188934,0.7711496949195862,3.6550966799259186,151.0,2014
Burkina Faso,1.4649381637573242,0.39492520689964294,0.2581152617931366,0.27124643325805664,0.12831977009773254,0.8518840074539185,3.586894541978836,152.0,2014
Afghanistan,1.952101230621338,0.23413774371147156,0.3198208510875702,0.3033541738986969,0.09718836843967438,0.3028530478477478,3.574559196829796,153.0,2014
Rwanda,0.6704182624816895,0.592007040977478,0.2220776230096817,0.4286434054374695,0.551911473274231,0.7737013697624207,3.4650380313396454,154.0,2014
Benin,1.6332790851593018,0.4844963252544403,0.28665491938591003,0.3190978467464447,0.08009976148605347,0.35386210680007935,3.340090036392212,155.0,2014
Syria,0.3285789489746094,0.15684060752391815,0.6631988883018494,0.7219319939613342,0.1890595257282257,0.47489047050476074,3.0062902122735977,156.0,2014
Burundi,1.833019495010376,0.11849575489759445,0.015303019434213638,0.2239609807729721,0.10061988979578018,0.41586723923683167,2.904535073786974,157.0,2014
Togo,1.5672577619552612,0.3645282983779907,0.20867550373077393,0.2844300866127014,0.10731332749128342,0.13994519412517548,2.8389587476849556,158.0,2014
Denmark,2.7393903732299805,0.579412579536438,1.441784381866455,0.7950401306152344,0.444532185792923,1.1637449264526367,7.526000022888184,1.0,2015
Switzerland,2.694632053375244,0.5855717658996582,1.527334213256836,0.8630290627479553,0.41203272342681885,1.1452364921569824,7.508999824523926,2.0,2015
Iceland,2.8313732147216797,0.5662423372268677,1.4266554117202759,0.8673328161239624,0.14974741637706757,1.18325936794281,7.500999927520752,3.0,2015
Norway,2.664645195007324,0.5960859060287476,1.5774401426315308,0.795789361000061,0.35775789618492126,1.1268956661224365,7.498000144958496,4.0,2015
Finland,2.82596492767334,0.5710368156433105,1.4059786796569824,0.8109139204025269,0.4100397825241089,1.1346403360366821,7.413000106811523,5.0,2015
Canada,2.7048544883728027,0.5737001895904541,1.4401477575302124,0.8276035785675049,0.313291996717453,1.0960981845855713,7.4039998054504395,6.0,2015
Netherlands,2.7074851989746094,0.5521135926246643,1.4646838903427124,0.8123089671134949,0.29926806688308716,1.0291227102279663,7.339000225067139,7.0,2015
New Zealand,2.475531578063965,0.5814732909202576,1.3606619834899902,0.8309572339057922,0.41904377937316895,1.1727817058563232,7.334000110626221,8.0,2015
Australia,2.546504497528076,0.5683658719062805,1.44442617893219,0.851203441619873,0.3233065605163574,1.1047552824020386,7.313000202178955,9.0,2015
Sweden,2.5473403930664062,0.5821848511695862,1.451810359954834,0.8312124013900757,0.4086659252643585,1.0876401662826538,7.290999889373779,10.0,2015
Israel,3.3102855682373047,0.3643200099468231,1.3376606702804565,0.8491719365119934,0.0872783288359642,0.9953728318214417,7.267000198364258,11.0,2015
Austria,2.6934280395507812,0.5435519218444824,1.4503824710845947,0.805645227432251,0.21348357200622559,1.0838325023651123,7.11899995803833,12.0,2015
United States,2.7278151512145996,0.4816303849220276,1.5079622268676758,0.7789978981018066,0.14868305623531342,1.0478150844573975,7.104000091552734,13.0,2015
Costa Rica,3.3516767024993896,0.5522507429122925,1.068794846534729,0.7614648342132568,0.10546514391899109,1.0215240716934204,7.086999893188477,14.0,2015
Puerto Rico,3.007603168487549,0.468232125043869,1.3594307899475098,0.7775804400444031,0.12275262922048569,1.0811303853988647,7.039000034332275,15.0,2015
Germany,2.509305953979492,0.5346622467041016,1.447866678237915,0.8148694634437561,0.2855077385902405,1.09773850440979,6.99399995803833,16.0,2015
Brazil,3.507328748703003,0.40425482392311096,1.0875415802001953,0.6141526103019714,0.1416589468717575,1.0393776893615723,6.952000141143799,17.0,2015
Belgium,2.613553524017334,0.513537585735321,1.4253904819488525,0.8195936679840088,0.26247578859329224,1.0524871349334717,6.928999900817871,18.0,2015
Ireland,2.159881591796875,0.5400843024253845,1.483413577079773,0.8145487308502197,0.29753684997558594,1.16156804561615,6.9070000648498535,19.0,2015
Luxembourg,2.1105499267578125,0.5487023591995239,1.6975241899490356,0.8454193472862244,0.3532930612564087,1.0399930477142334,6.870999813079834,20.0,2015
Mexico,3.5590591430664062,0.37708643078804016,1.1150808334350586,0.7114341855049133,0.1835472285747528,0.7146037817001343,6.7779998779296875,21.0,2015
Singapore,1.9937458038330078,0.48769935965538025,1.6455464363098145,0.9471881985664368,0.46986937522888184,0.8675758242607117,6.738999843597412,22.0,2015
United Kingdom,2.149994373321533,0.5003592371940613,1.4028302431106567,0.8099051713943481,0.27398961782455444,1.086715817451477,6.724999904632568,23.0,2015
Chile,2.955049753189087,0.3778933882713318,1.2166962623596191,0.8188331723213196,0.114507757127285,0.9058710336685181,6.704999923706055,24.0,2015
Panama,3.005592107772827,0.4892744719982147,1.1830573081970215,0.7083465456962585,0.08422975242137909,0.9891213178634644,6.701000213623047,25.0,2015
Argentina,3.129847288131714,0.422835111618042,1.1513652801513672,0.6971127390861511,0.07296015322208405,1.0661243200302124,6.650000095367432,26.0,2015
Czech Republic,2.962113380432129,0.4141770601272583,1.309153437614441,0.7637550830841064,0.03985556960105896,1.0079317092895508,6.5960001945495605,27.0,2015
United Arab Emirates,2.215071678161621,0.5621457099914551,1.5735214948654175,0.7299321889877319,0.3556123971939087,0.8711368441581726,6.572999954223633,28.0,2015
Uruguay,2.671386957168579,0.5438767075538635,1.181572675704956,0.72182697057724,0.21393699944019318,1.0314253568649292,6.545000076293945,29.0,2015
Malta,1.9903216361999512,0.5499418377876282,1.3078153133392334,0.8031540513038635,0.1755438596010208,1.0987920761108398,6.48799991607666,30.0,2015
Colombia,3.1747121810913086,0.4473482370376587,1.0303161144256592,0.5965915322303772,0.053988829255104065,1.0216941833496094,6.480999946594238,31.0,2015
France,2.474404811859131,0.46561843156814575,1.3948835134506226,0.8379499316215515,0.17808254063129425,1.0050801038742065,6.478000164031982,32.0,2015
Thailand,2.579596519470215,0.4955292046070099,1.0892964601516724,0.6491533517837524,0.028332458809018135,1.04476797580719,6.473999977111816,33.0,2015
Saudi Arabia,2.6148159503936768,0.37904104590415955,1.489526391029358,0.592667281627655,0.3000762462615967,0.848290741443634,6.379000186920166,34.5,2015
Taiwan,2.6152265071868896,0.32377493381500244,1.3972855806350708,0.7956533432006836,0.06630107760429382,0.9262422323226929,6.379000186920166,34.5,2015
Qatar,1.5822410583496094,0.5667852163314819,1.8242655992507935,0.7172298431396484,0.480493426322937,0.8796373009681702,6.375,36.0,2015
Spain,2.3966267108917236,0.3754473030567169,1.3425308465957642,0.8789597153663635,0.0613727942109108,1.1294467449188232,6.361000061035156,37.0,2015
Algeria,3.4090418815612793,0.2100568413734436,1.0526602268218994,0.6180430054664612,0.16156989336013794,0.8330851197242737,6.355000019073486,38.0,2015
Guatemala,3.198634386062622,0.5037861466407776,0.8345445990562439,0.5403863191604614,0.08701452612876892,0.8711899518966675,6.323999881744385,39.0,2015
Suriname,3.068519353866577,0.5223419070243835,1.0968588590621948,0.5093337297439575,0.12692143023014069,0.7786626219749451,6.269000053405762,40.0,2015
Kuwait,2.280853748321533,0.4316607713699341,1.6171413660049438,0.6356884837150574,0.23669172823429108,0.8775829672813416,6.238999843597412,41.0,2015
Bahrain,2.274052619934082,0.47375309467315674,1.4402440786361694,0.6569579243659973,0.2577214539051056,0.9439676403999329,6.2179999351501465,42.0,2015
Trinidad and Tobago,2.5139384269714355,0.4845285713672638,1.325716495513916,0.5260809659957886,0.012409157119691372,0.9856855869293213,6.168000221252441,43.0,2015
Venezuela,2.9746766090393066,0.19847260415554047,1.1336735486984253,0.6190426349639893,0.08304130285978317,1.0330225229263306,6.084000110626221,44.0,2015
Slovakia,2.610646963119507,0.23390613496303558,1.2797255516052246,0.7036705017089844,0.029473192989826202,1.0826756954193115,6.078000068664551,45.0,2015
El Salvador,3.221339464187622,0.37268587946891785,0.8736959099769592,0.5960039496421814,0.106125608086586,0.8097509741783142,6.067999839782715,46.0,2015
Malaysia,2.3538410663604736,0.39030805230140686,1.2514206171035767,0.6236553192138672,0.09081339836120605,0.8802458047866821,6.005000114440918,47.0,2015
Nicaragua,2.8242781162261963,0.46582359075546265,0.6938384175300598,0.6521310210227966,0.1629166454076767,0.895209550857544,5.992000102996826,48.0,2015
Uzbekistan,2.346381187438965,0.6084825396537781,0.7359129786491394,0.5016327500343323,0.28332725167274475,1.1680964231491089,5.986999988555908,49.0,2015
Italy,2.3491833209991455,0.18826663494110107,1.3549468517303467,0.8510178923606873,0.025556489825248718,1.0416674613952637,5.9770002365112305,50.0,2015
Ecuador,2.7736573219299316,0.4026999771595001,0.9730648994445801,0.6861296892166138,0.18037167191505432,0.859740674495697,5.97599983215332,51.0,2015
Belize,3.0803866386413574,0.5123116374015808,0.8761627078056335,0.45568767189979553,0.1077113002538681,0.6865458488464355,5.955999851226807,52.0,2015
Japan,1.8058404922485352,0.4676066040992737,1.3800731897354126,0.914910614490509,0.1898534744977951,1.0605419874191284,5.921000003814697,53.0,2015
Kazakhstan,2.4932525157928467,0.405202180147171,1.2294282913208008,0.5738577246665955,0.11131621152162552,0.9554359316825867,5.919000148773193,54.0,2015
Moldova,3.3800714015960693,0.2520246207714081,0.6917694211006165,0.5230854153633118,0.019030777737498283,0.8313174247741699,5.896999835968018,55.0,2015
Russia,2.5911545753479004,0.32681721448898315,1.2322819232940674,0.5899056792259216,0.03585680201649666,1.0526081323623657,5.855999946594238,56.0,2015
Poland,2.2003531455993652,0.4519023895263672,1.2458469867706299,0.6905810236930847,0.0549958162009716,1.0468478202819824,5.835000038146973,57.5,2015
South Korea,2.350147247314453,0.2516808807849884,1.3594768047332764,0.8864485025405884,0.07715626806020737,0.7219352722167969,5.835000038146973,57.5,2015
Bolivia,2.916349411010742,0.5096078515052795,0.7942155599594116,0.4697020649909973,0.07745704799890518,0.837788462638855,5.822000026702881,59.0,2015
Lithuania,2.605252981185913,0.18928886950016022,1.269200086593628,0.6467440128326416,0.01819651946425438,1.0641099214553833,5.813000202178955,60.0,2015
Belarus,2.3858156204223633,0.29091036319732666,1.130622386932373,0.6310362815856934,0.17456963658332825,1.0499297380447388,5.802000045776367,61.0,2015
North Cyprus,1.9344737529754639,0.4359619617462158,1.3114120960235596,0.8414180278778076,0.16578324139118195,0.8182591199874878,5.770999908447266,62.0,2015
Slovenia,1.7952160835266113,0.5316392183303833,1.2994650602340698,0.7915080189704895,0.036349814385175705,1.056134581565857,5.76800012588501,63.0,2015
Peru,2.7311744689941406,0.37501683831214905,0.9960178136825562,0.6299428343772888,0.052919939160346985,0.8125536441802979,5.743000030517578,64.0,2015
Turkmenistan,2.2148947715759277,0.37407752871513367,1.080170750617981,0.4400574862957001,0.28467199206352234,1.0381743907928467,5.6579999923706055,65.0,2015
Mauritius,2.20223331451416,0.4614471197128296,1.143722653388977,0.6618861556053162,0.05202999338507652,0.7569501996040344,5.6479997634887695,66.0,2015
Libya,2.3937408924102783,0.4067194163799286,1.06687593460083,0.5230429768562317,0.1033921018242836,0.9507648348808289,5.614999771118164,67.0,2015
Latvia,2.208589553833008,0.27995631098747253,1.2178767919540405,0.6395242214202881,0.08889526128768921,0.9502541422843933,5.559999942779541,68.0,2015
Cyprus,2.0449724197387695,0.2950660288333893,1.3185654878616333,0.8488041162490845,0.05227743461728096,0.7069738507270813,5.546000003814697,69.0,2015
Paraguay,2.1609058380126953,0.46235162019729614,0.8937298059463501,0.5829548835754395,0.07395985722541809,1.1111067533493042,5.538000106811523,70.0,2015
Romania,2.4518420696258545,0.36712175607681274,1.169700026512146,0.6760209202766418,0.006788755767047405,0.7280260324478149,5.5279998779296875,71.0,2015
Estonia,1.8198485374450684,0.4151144027709961,1.2796369791030884,0.6809805035591125,0.18519040942192078,1.0516268014907837,5.517000198364258,72.0,2015
Jamaica,2.356820821762085,0.43596959114074707,0.8933306932449341,0.5946877002716064,0.04293964058160782,0.963718593120575,5.510000228881836,73.0,2015
Croatia,2.5246191024780273,0.23907063901424408,1.1864858865737915,0.7052406668663025,0.04002460464835167,0.6080871820449829,5.48799991607666,74.0,2015
Hong Kong,0.9261441230773926,0.4807891845703125,1.5107015371322632,0.9527732133865356,0.3164663314819336,0.870208203792572,5.458000183105469,75.0,2015
Somalia,3.8377151489257812,0.5677813291549683,0.0,0.1146622747182846,0.3117980360984802,0.33613407611846924,5.440000057220459,76.0,2015
Kosovo,2.8099753856658936,0.1439637690782547,0.9014519453048706,0.5400031805038452,0.06547120213508606,0.6606227159500122,5.401000022888184,77.0,2015
Turkey,2.290740489959717,0.23888802528381348,1.1649216413497925,0.6471834182739258,0.1234792023897171,0.877170979976654,5.388999938964844,78.0,2015
Indonesia,2.0317084789276123,0.39236560463905334,0.9510406255722046,0.49374130368232727,0.003222996834665537,0.8762512803077698,5.314000129699707,79.0,2015
Jordan,2.2014169692993164,0.3602299392223358,0.9967264533042908,0.6071192622184753,0.13297060132026672,0.8621605634689331,5.302999973297119,80.0,2015
Azerbaijan,2.273498296737671,0.3532659709453583,1.123732328414917,0.5450363755226135,0.179136723279953,0.7604236602783203,5.290999889373779,81.0,2015
Philippines,2.2348415851593018,0.5485381484031677,0.812171459197998,0.4703565835952759,0.11756789684295654,0.8787720203399658,5.2789998054504395,82.0,2015
China,2.170866012573242,0.440123587846756,1.0277971029281616,0.7356149554252625,0.027451764792203903,0.793808102607727,5.244999885559082,83.0,2015
Bhutan,1.8291618824005127,0.4607385993003845,0.8526992201805115,0.49759170413017273,0.1615985929965973,0.9083616137504578,5.196000099182129,84.0,2015
Kyrgyzstan,2.2813572883605957,0.4021192193031311,0.5604439973831177,0.5544906258583069,0.04762134328484535,0.9543383121490479,5.184999942779541,85.0,2015
Serbia,2.2753899097442627,0.157181978225708,1.0343708992004395,0.6458012461662292,0.0433913953602314,0.8132928609848022,5.177000045776367,86.0,2015
Bosnia and Herzegovina,2.484057664871216,0.0951133593916893,0.9338259100914001,0.7076622247695923,0.0,0.6436693072319031,5.163000106811523,87.0,2015
Montenegro,2.2553138732910156,0.15110662579536438,1.0783772468566895,0.6353257894515991,0.1272125095129013,0.7417290806770325,5.160999774932861,88.0,2015
Dominican Republic,1.696260690689087,0.5225855112075806,1.0278708934783936,0.5766890048980713,0.12371701002120972,0.99495929479599,5.15500020980835,89.0,2015
Morocco,2.9489121437072754,0.25646254420280457,0.840575635433197,0.5947147011756897,0.08404255658388138,0.3859546184539795,5.151000022888184,90.0,2015
Hungary,1.95473313331604,0.1977033168077469,1.2414191961288452,0.6760838031768799,0.044721223413944244,0.9316383004188538,5.144999980926514,91.0,2015
Pakistan,3.182858943939209,0.14621974527835846,0.6881636381149292,0.4030638337135315,0.1388043612241745,0.2613525688648224,5.131999969482422,92.0,2015
Lebanon,2.0733907222747803,0.26228079199790955,1.1226786375045776,0.7617095708847046,0.030606575310230255,0.6418367028236389,5.129000186920166,93.0,2015
Portugal,1.5301487445831299,0.4472651183605194,1.2760744094848633,0.7936257719993591,0.01520577259361744,0.9436689019203186,5.123000144958496,94.0,2015
Macedonia,2.0894675254821777,0.276682049036026,1.0192979574203491,0.6473792195320129,0.07047084718942642,0.782356858253479,5.120999813079834,95.0,2015
Vietnam,1.9417963027954102,0.5595411658287048,0.7403743267059326,0.6615650653839111,0.1155620738863945,0.7911670804023743,5.060999870300293,96.0,2015
Somaliland region,2.4380109310150146,0.39129501581192017,0.2555774450302124,0.33107611536979675,0.36794084310531616,0.758623480796814,5.057000160217285,97.0,2015
Tunisia,2.684131383895874,0.2355278879404068,0.9772385954856873,0.595766007900238,0.08169849216938019,0.43164804577827454,5.045000076293945,98.0,2015
Greece,2.129441738128662,0.05822119489312172,1.2488620281219482,0.8002893328666687,0.041272468864917755,0.7547316551208496,5.0329999923706055,99.0,2015
Tajikistan,2.3910586833953857,0.4340810179710388,0.48834919929504395,0.5311854481697083,0.1350889354944229,0.7560246586799622,4.995999813079834,100.0,2015
Mongolia,1.5358569622039795,0.35971876978874207,0.988527238368988,0.5546932220458984,0.032850172370672226,1.0898308753967285,4.9070000648498535,101.0,2015
Laos,2.0863680839538574,0.5216754078865051,0.6804234385490417,0.38290563225746155,0.22422905266284943,0.5496950149536133,4.875999927520752,102.0,2015
Nigeria,2.8858642578125,0.2785388231277466,0.7521632313728333,0.05107901990413666,0.030501827597618103,0.6449794173240662,4.875,103.0,2015
Honduras,2.2955145835876465,0.267550528049469,0.6942926049232483,0.5838286280632019,0.0690619945526123,0.7559584379196167,4.870999813079834,104.0,2015
Iran,1.9981722831726074,0.22543714940547943,1.1175779104232788,0.64232337474823,0.05569642782211304,0.38857167959213257,4.813000202178955,105.0,2015
Zambia,2.5899147987365723,0.42661646008491516,0.6120217442512512,0.23573216795921326,0.11479061841964722,0.637601912021637,4.795000076293945,106.0,2015
Nepal,2.326944351196289,0.3701159954071045,0.4462570548057556,0.5007292032241821,0.07008140534162521,0.6969850063323975,4.793000221252441,107.0,2015
Palestinian Territories,2.403640031814575,0.17743876576423645,0.6702354550361633,0.5684379935264587,0.1061338558793068,0.7162941694259644,4.754000186920166,108.0,2015
Albania,1.9281587600708008,0.31866025924682617,0.955302894115448,0.7300697565078735,0.05300973728299141,0.5016273856163025,4.65500020980835,109.0,2015
Bangladesh,2.6090426445007324,0.39777520298957825,0.541766881942749,0.5298885107040405,0.125833660364151,0.24749091267585754,4.64300012588501,110.0,2015
Sierra Leone,3.014021396636963,0.30685120820999146,0.3648541569709778,0.0,0.08196226507425308,0.6280034184455872,4.635000228881836,111.0,2015
Iraq,1.8165700435638428,0.2485591471195221,1.074743390083313,0.5107596516609192,0.13635554909706116,0.5920470356941223,4.574999809265137,112.0,2015
Namibia,1.9219837188720703,0.48613792657852173,0.9328721165657043,0.3474542796611786,0.10397595167160034,0.7036176919937134,4.573999881744385,113.0,2015
Cameroon,2.519798755645752,0.42736151814460754,0.524972677230835,0.1269759237766266,0.06126348674297333,0.6254190802574158,4.513000011444092,114.0,2015
Ethiopia,2.656136989593506,0.3670291304588318,0.29283326864242554,0.3457763195037842,0.1716993749141693,0.3793163299560547,4.507999897003174,115.0,2015
South Africa,1.6422686576843262,0.4248252511024475,1.0241649150848389,0.18610996007919312,0.08415438234806061,0.9605335593223572,4.459000110626221,116.0,2015
Sri Lanka,0.9168071746826172,0.508171796798706,0.9731776118278503,0.6200683116912842,0.0796380490064621,0.8478294610977173,4.414999961853027,117.0,2015
India,2.1803200244903564,0.402845561504364,0.7403585314750671,0.45091143250465393,0.08722177892923355,0.2924744486808777,4.4039998054504395,118.0,2015
Myanmar,1.5065546035766602,0.42691922187805176,0.3411233127117157,0.3987995386123657,0.20243452489376068,0.6998114585876465,4.394999980926514,119.0,2015
Egypt,1.9689512252807617,0.18846504390239716,0.9539512991905212,0.5211619138717651,0.10392944514751434,0.4981312155723572,4.361999988555908,120.0,2015
Armenia,1.9786357879638672,0.1403724104166031,0.8608591556549072,0.6408339142799377,0.036157168447971344,0.6247681975364685,4.360000133514404,121.0,2015
Kenya,1.8832612037658691,0.40575504302978516,0.5226711630821228,0.30147165060043335,0.06685906648635864,0.7623973488807678,4.355999946594238,122.0,2015
Ukraine,1.5006587505340576,0.12858887016773224,0.8728690147399902,0.5862792730331421,0.018293051049113274,1.0141315460205078,4.323999881744385,123.0,2015
Ghana,2.20019793510437,0.40973222255706787,0.6310686469078064,0.29681339859962463,0.032602906227111816,0.49352505803108215,4.276000022888184,124.0,2015
Congo (Kinshasa),2.749241352081299,0.15601705014705658,0.05660601332783699,0.18800392746925354,0.06074899807572365,0.8067646622657776,4.271999835968018,125.0,2015
Georgia,1.8703117370605469,0.3246101140975952,0.837924599647522,0.6403460502624512,0.3187958300113678,0.1924944370985031,4.251999855041504,126.0,2015
Congo (Brazzaville),2.106806755065918,0.37937673926353455,0.7710928916931152,0.2821151912212372,0.09752926975488663,0.4779873490333557,4.236000061035156,127.0,2015
Senegal,1.978607416152954,0.31055793166160583,0.4431370198726654,0.40456944704055786,0.11680921167135239,0.7741596698760986,4.218999862670898,128.0,2015
Bulgaria,1.1537673473358154,0.21219110488891602,1.1130646467208862,0.6780562400817871,0.00615380983799696,0.925417423248291,4.2170000076293945,129.0,2015
Mauritania,1.9263029098510742,0.12679949402809143,0.613908052444458,0.2863945960998535,0.17954881489276886,0.8414196968078613,4.201000213623047,130.0,2015
Zimbabwe,2.442697525024414,0.25428974628448486,0.3504098355770111,0.15950089693069458,0.08581658452749252,0.7147848010063171,4.192999839782715,131.0,2015
Malawi,2.828585147857666,0.41430172324180603,0.08709395676851273,0.29364487528800964,0.07563675940036774,0.1470022052526474,4.156000137329102,132.0,2015
Sudan,2.1099467277526855,0.0,0.6306907534599304,0.2975911498069763,0.10038705915212631,0.8192826509475708,4.138999938964844,133.0,2015
Gabon,1.4533238410949707,0.28097546100616455,1.1585088968276978,0.3494042456150055,0.0931418165564537,0.7236786484718323,4.120999813079834,134.0,2015
Mali,2.1108689308166504,0.2754392623901367,0.31292417645454407,0.16347195208072662,0.13646627962589264,0.8633272647857666,4.072999954223633,135.0,2015
Haiti,2.3711605072021484,0.12072394788265228,0.3409727215766907,0.2749408185482025,0.14475786685943604,0.2956138253211975,4.0279998779296875,136.0,2015
Botswana,0.9674060344696045,0.4408920407295227,1.0942573547363281,0.3475152850151062,0.10769475996494293,0.8918649554252625,3.9739999771118164,137.0,2015
Comoros,2.256321668624878,0.15411779284477234,0.27509400248527527,0.2998083531856537,0.1843651980161667,0.6032307147979736,3.9560000896453857,138.0,2015
Ivory Coast,1.974778413772583,0.4066289961338043,0.5550658702850342,0.04475906863808632,0.15529856085777283,0.5757588148117065,3.9159998893737793,139.0,2015
Cambodia,1.3157308101654053,0.5885191559791565,0.5560393333435059,0.4249442219734192,0.08092289417982101,0.5374981760978699,3.9070000648498535,140.0,2015
Angola,2.0945935249328613,0.005886350758373737,0.8473098278045654,0.04991268366575241,0.08433874696493149,0.663659393787384,3.865999937057495,141.0,2015
Niger,2.0946874618530273,0.3804078996181488,0.13270249962806702,0.26161548495292664,0.17176391184329987,0.6052974462509155,3.8559999465942383,142.0,2015
South Sudan,2.5092906951904297,0.1966249793767929,0.3939363658428192,0.15781362354755402,0.13015156984329224,0.18518702685832977,3.8320000171661377,143.0,2015
Chad,2.3063745498657227,0.12807157635688782,0.4221419394016266,0.03823509067296982,0.04952473193407059,0.6317756175994873,3.763000011444092,144.0,2015
Burkina Faso,1.8731915950775146,0.3336973786354065,0.31995201110839844,0.21296638250350952,0.12532684206962585,0.6305371522903442,3.739000082015991,145.5,2015
Uganda,1.5141594409942627,0.4365302622318268,0.34718525409698486,0.19624961912631989,0.0644209235906601,0.9098122715950012,3.739000082015991,145.5,2015
Yemen,1.9729499816894531,0.22869572043418884,0.579388439655304,0.31047552824020386,0.05892239138484001,0.4749314486980438,3.7239999771118164,147.0,2015
Madagascar,2.150754928588867,0.13683778047561646,0.27954360842704773,0.37109026312828064,0.07505850493907928,0.46115466952323914,3.694999933242798,148.0,2015
Tanzania,1.3776910305023193,0.31760185956954956,0.47154632210731506,0.35699954628944397,0.05098965764045715,0.7762331366539001,3.6659998893737793,149.0,2015
Liberia,2.232842445373535,0.2574831545352936,0.10706325620412827,0.23165465891361237,0.04852154478430748,0.5035267472267151,3.621999979019165,150.0,2015
Guinea,2.1560354232788086,0.3095276355743408,0.22415165603160858,0.18828818202018738,0.11920285224914551,0.31089913845062256,3.6070001125335693,151.0,2015
Rwanda,0.9681906700134277,0.5431972146034241,0.3284611105918884,0.3186502158641815,0.5052086710929871,0.6158624887466431,3.515000104904175,152.0,2015
Benin,2.108121871948242,0.39746546745300293,0.39499226212501526,0.21028366684913635,0.06680506467819214,0.1041889488697052,3.4839999675750732,153.0,2015
Afghanistan,2.1455814838409424,0.16430462896823883,0.3822656571865082,0.17343604564666748,0.07111632078886032,0.11036849766969681,3.359999895095825,154.0,2015
Togo,2.135404586791992,0.3467806577682495,0.2812265157699585,0.24811217188835144,0.11587189882993698,0.0,3.302999973297119,155.0,2015
Syria,0.8178913593292236,0.06912486255168915,0.747185230255127,0.6299359202384949,0.17232970893383026,0.14865851402282715,3.069000005722046,156.0,2015
Burundi,2.1040425300598145,0.043201349675655365,0.0683097317814827,0.15746726095676422,0.09418750554323196,0.2344244420528412,2.9049999713897705,157.0,2015
Norway,2.277026653289795,0.6354225873947144,1.6164631843566895,0.7966665029525757,0.31596383452415466,1.5335235595703125,7.5370001792907715,1.0,2016
Denmark,2.3137073516845703,0.6260067224502563,1.4823830127716064,0.7925655245780945,0.40077006816864014,1.5511215925216675,7.521999835968018,2.0,2016
Iceland,2.3227152824401855,0.6271626353263855,1.480633020401001,0.8335521221160889,0.15352655947208405,1.6105740070343018,7.504000186920166,3.0,2016
Switzerland,2.2767162322998047,0.6200705766677856,1.5649795532226562,0.8581312894821167,0.3670072853565216,1.5169117450714111,7.49399995803833,4.0,2016
Finland,2.4301815032958984,0.6179508566856384,1.443571925163269,0.80915766954422,0.38261154294013977,1.5402467250823975,7.468999862670898,5.0,2016
Netherlands,2.294804096221924,0.5853844881057739,1.5039446353912354,0.8106961250305176,0.2826618254184723,1.4289392232894897,7.376999855041504,6.0,2016
Canada,2.1872644424438477,0.6111009120941162,1.4792044162750244,0.8345576524734497,0.28737151622772217,1.481348991394043,7.315999984741211,7.0,2016
New Zealand,2.0464563369750977,0.6140621304512024,1.4057060480117798,0.8167597055435181,0.38281670212745667,1.5481951236724854,7.314000129699707,8.0,2016
Sweden,2.0975379943847656,0.6129240989685059,1.4943872690200806,0.8308751583099365,0.3843987286090851,1.478162169456482,7.283999919891357,9.5,2016
Australia,2.0652108192443848,0.6016073822975159,1.4844149351119995,0.8438867926597595,0.3011837303638458,1.5100419521331787,7.283999919891357,9.5,2016
Israel,2.801757335662842,0.4059886038303375,1.375382423400879,0.8384039998054504,0.08524210005998611,1.376289963722229,7.2129998207092285,11.0,2016
Costa Rica,2.89863920211792,0.5801316499710083,1.1097062826156616,0.759509265422821,0.10010658949613571,1.4164036512374878,7.078999996185303,12.0,2016
Austria,2.1385064125061035,0.5677661895751953,1.4870972633361816,0.8153284192085266,0.2210603654384613,1.4599449634552002,7.00600004196167,13.0,2016
United States,2.218113422393799,0.5057405233383179,1.5462592840194702,0.7742866277694702,0.1356387883424759,1.419920563697815,6.993000030517578,14.0,2016
Ireland,1.7738690376281738,0.5731103420257568,1.535706639289856,0.8097826242446899,0.29838815331459045,1.5582311153411865,6.9770002365112305,15.0,2016
Germany,2.0157699584960938,0.5625113844871521,1.4879233837127686,0.798950731754303,0.276731938123703,1.472520351409912,6.951000213623047,16.0,2016
Belgium,2.1242103576660156,0.5397707223892212,1.4637807607650757,0.818091869354248,0.25134313106536865,1.4623126983642578,6.890999794006348,17.0,2016
Luxembourg,1.6195120811462402,0.5966278910636902,1.741943597793579,0.8450894951820374,0.31883442401885986,1.4575836658477783,6.86299991607666,18.0,2016
United Kingdom,1.7041435241699219,0.5081900358200073,1.441633939743042,0.8053359389305115,0.2654280662536621,1.4964600801467896,6.714000225067139,19.0,2016
Chile,2.5095858573913574,0.3768952786922455,1.2527846097946167,0.8194797039031982,0.0822879821062088,1.284024953842163,6.6519999504089355,20.0,2016
United Arab Emirates,1.734703540802002,0.6083452701568604,1.6263433694839478,0.7267982363700867,0.324489563703537,1.266410231590271,6.6479997634887695,21.0,2016
Brazil,2.7692670822143555,0.4374537467956543,1.1073532104492188,0.6165523529052734,0.11109276115894318,1.431306004524231,6.635000228881836,22.0,2016
Czech Republic,2.45186185836792,0.4909461736679077,1.35268235206604,0.7544440031051636,0.036872927099466324,1.4338852167129517,6.609000205993652,23.0,2016
Argentina,2.6140053272247314,0.4945192039012909,1.1852954626083374,0.695137083530426,0.059739887714385986,1.4404511451721191,6.598999977111816,24.0,2016
Mexico,2.8371548652648926,0.41273000836372375,1.1531838178634644,0.7099789977073669,0.13277411460876465,1.210862159729004,6.578000068664551,25.0,2016
Singapore,1.2163619995117188,0.5498405694961548,1.6922776699066162,0.9494923949241638,0.4643077850341797,1.3538143634796143,6.572000026702881,26.0,2016
Malta,1.5568628311157227,0.5887670516967773,1.3432798385620117,0.8219442367553711,0.15306606888771057,1.4884116649627686,6.5269999504089355,27.0,2016
Uruguay,2.1724095344543457,0.5793922543525696,1.2175596952438354,0.7192168235778809,0.17806187272071838,1.4122278690338135,6.453999996185303,28.5,2016
Guatemala,2.8938910961151123,0.5313106179237366,0.8720019459724426,0.5402399897575378,0.0772232785820961,1.2555851936340332,6.453999996185303,28.5,2016
Panama,2.3071999549865723,0.5500268340110779,1.233748435974121,0.7061561346054077,0.07098392397165298,1.373192548751831,6.452000141143799,30.0,2016
France,2.0059547424316406,0.4702221155166626,1.4309234619140625,0.8444658517837524,0.17250242829322815,1.3877768516540527,6.441999912261963,31.0,2016
Thailand,2.03950834274292,0.580200731754303,1.1278687715530396,0.6472390294075012,0.031612735241651535,1.4257924556732178,6.423999786376953,32.0,2016
Taiwan Province of China,2.1266074180603027,0.36146658658981323,1.4336265325546265,0.7939842343330383,0.06382923573255539,1.3845653533935547,6.421999931335449,33.0,2016
Spain,1.927757740020752,0.4087812304496765,1.3843978643417358,0.888960599899292,0.07091409713029861,1.5320909023284912,6.4029998779296875,34.0,2016
Qatar,1.1454644203186035,0.6041309833526611,1.8707656860351562,0.7100980877876282,0.43929925560951233,1.2742968797683716,6.375,35.0,2016
Colombia,2.616068124771118,0.4774874150753021,1.0706223249435425,0.5950279235839844,0.04666874185204506,1.402182936668396,6.35699987411499,36.0,2016
Saudi Arabia,2.0654296875,0.4497505724430084,1.5306235551834106,0.5901483297348022,0.27343225479125977,1.286677598953247,6.343999862670898,37.0,2016
Trinidad and Tobago,2.0532474517822266,0.5186307430267334,1.3613559007644653,0.5199832916259766,0.008964816108345985,1.3802285194396973,6.168000221252441,38.0,2016
Kuwait,1.640425205230713,0.4963375926017761,1.6329524517059326,0.6321057081222534,0.2151595503091812,1.259698748588562,6.105000019073486,39.0,2016
Slovakia,2.0977766513824463,0.29581746459007263,1.325393557548523,0.7127329111099243,0.0242108516395092,1.5050592422485352,6.0980000495910645,40.0,2016
Bahrain,1.6561493873596191,0.5367469191551208,1.4884122610092163,0.6531330347061157,0.25704216957092285,1.3231104612350464,6.086999893188477,41.0,2016
Malaysia,2.004448890686035,0.4022649824619293,1.291215419769287,0.6187844276428223,0.06560070812702179,1.2846460342407227,6.084000110626221,42.0,2016
Nicaragua,2.513930559158325,0.4475518465042114,0.7372992038726807,0.6530959606170654,0.13068798184394836,1.2872157096862793,6.071000099182129,43.0,2016
Ecuador,2.2903525829315186,0.4551981985569,1.0008203983306885,0.6856362223625183,0.14013464748859406,1.2861688137054443,6.007999897003174,44.0,2016
El Salvador,2.7145938873291016,0.432452529668808,0.9097844958305359,0.5960185527801514,0.08998095989227295,1.1821250915527344,6.002999782562256,45.0,2016
Poland,1.7977228164672852,0.5203421115875244,1.29178786277771,0.6994753479957581,0.05930780619382858,1.4457119703292847,5.9730000495910645,46.0,2016
Uzbekistan,1.8169136047363281,0.6582486629486084,0.7864410877227783,0.4982726275920868,0.24652822315692902,1.5489691495895386,5.9710001945495605,47.0,2016
Italy,1.81331205368042,0.25645071268081665,1.3950666189193726,0.8531443476676941,0.0280280914157629,1.4449232816696167,5.964000225067139,48.0,2016
Russia,2.2056074142456055,0.3737831115722656,1.28177809715271,0.5473493337631226,0.03296288102865219,1.4692823886871338,5.9629998207092285,49.0,2016
Belize,2.631955623626709,0.5475093722343445,0.9079753160476685,0.45019176602363586,0.09658107161521912,1.0814177989959717,5.955999851226807,50.0,2016
Japan,1.3632235527038574,0.5056255459785461,1.4169151782989502,0.9134758710861206,0.1637607365846634,1.4363378286361694,5.920000076293945,51.0,2016
Lithuania,2.228440523147583,0.23423178493976593,1.314582347869873,0.6289499402046204,0.011865642853081226,1.4735161066055298,5.9019999504089355,52.0,2016
Algeria,2.567603826522827,0.23333580791950226,1.0918644666671753,0.6175846457481384,0.1460961103439331,1.1462174654006958,5.872000217437744,53.0,2016
Latvia,1.9936552047729492,0.32570791244506836,1.2607486248016357,0.6385669708251953,0.07384272664785385,1.4047149419784546,5.849999904632568,54.0,2016
South Korea,1.880378007888794,0.25792166590690613,1.401678442955017,0.9002140760421753,0.06328266859054565,1.1282744407653809,5.8379998207092285,55.5,2016
Moldova,2.8078083992004395,0.24072904884815216,0.7288706302642822,0.5894652009010315,0.010091286152601242,1.2518255710601807,5.8379998207092285,55.5,2016
Romania,2.1768314838409424,0.45700374245643616,1.2176839113235474,0.6851583123207092,0.004387900698930025,1.150091290473938,5.824999809265137,57.0,2016
Bolivia,2.4432790279388428,0.5587329268455505,0.8337565660476685,0.47363024950027466,0.06047772616147995,1.2276190519332886,5.822999954223633,58.0,2016
Turkmenistan,1.8329098224639893,0.41827192902565,1.1307767629623413,0.43772608041763306,0.2592703402042389,1.4931491613388062,5.822000026702881,59.0,2016
Kazakhstan,1.7848925590515137,0.4374542832374573,1.284556269645691,0.6060415506362915,0.11928288638591766,1.3843690156936646,5.818999767303467,60.0,2016
North Cyprus,1.5491576194763184,0.47120362520217896,1.3469113111495972,0.8346472382545471,0.1553533524274826,1.1863033771514893,5.809999942779541,61.0,2016
Slovenia,1.3133172988891602,0.5725758075714111,1.3412059545516968,0.7908282279968262,0.04512897878885269,1.4525188207626343,5.757999897003174,62.0,2016
Peru,2.2072694301605225,0.45000287890434265,1.03522527217865,0.6301661133766174,0.047049086540937424,1.2187703847885132,5.715000152587891,63.0,2016
Mauritius,1.6975839138031006,0.4912473261356354,1.189395546913147,0.6380074620246887,0.042181555181741714,1.2095609903335571,5.629000186920166,64.0,2016
Cyprus,1.6212491989135742,0.3551115393638611,1.3559380769729614,0.8447147011756897,0.041237976402044296,1.1313632726669312,5.620999813079834,65.0,2016
Estonia,1.357508659362793,0.47913143038749695,1.320879340171814,0.6951683163642883,0.18324892222881317,1.4766710996627808,5.611000061035156,66.0,2016
Belarus,1.7232329845428467,0.2954002618789673,1.156557559967041,0.6377142667770386,0.15631382167339325,1.444945216178894,5.568999767303467,67.0,2016
Libya,1.8350112438201904,0.46573323011398315,1.1018030643463135,0.5201690196990967,0.09261021018028259,1.3575643301010132,5.525000095367432,68.0,2016
Turkey,1.8792779445648193,0.3007405996322632,1.1982743740081787,0.637605607509613,0.09967157989740372,1.337753176689148,5.5,69.0,2016
Paraguay,1.685333490371704,0.4735077917575836,0.932537317276001,0.579250693321228,0.091065913438797,1.5072848796844482,5.493000030517578,70.0,2016
"Hong Kong S.A.R., China",0.5546331405639648,0.49096864461898804,1.5516748428344727,0.943062424659729,0.2939337491989136,1.2627909183502197,5.4720001220703125,71.0,2016
Philippines,1.972604751586914,0.5852146744728088,0.8576992154121399,0.4680090546607971,0.09933189302682877,1.2539175748825073,5.429999828338623,72.0,2016
Serbia,1.9470844268798828,0.2087155282497406,1.0693175792694092,0.6507846713066101,0.04090378060936928,1.2581897974014282,5.394999980926514,73.0,2016
Jordan,1.7911765575408936,0.4184211492538452,0.9910123944282532,0.6045900583267212,0.11980327218770981,1.2390888929367065,5.335999965667725,74.0,2016
Hungary,1.7164592742919922,0.17586351931095123,1.2860119342803955,0.6877634525299072,0.03663693740963936,1.3431330919265747,5.323999881744385,75.0,2016
Jamaica,1.612325668334961,0.47430723905563354,0.925579309463501,0.6410223841667175,0.055267781019210815,1.3682180643081665,5.310999870300293,76.0,2016
Croatia,1.854492425918579,0.25577229261398315,1.222556233406067,0.7012885212898254,0.043103110045194626,0.9679830074310303,5.293000221252441,77.0,2016
Kosovo,2.010540723800659,0.26028794050216675,0.9514843821525574,0.5414520502090454,0.0574716180562973,1.1378535032272339,5.2789998054504395,78.0,2016
China,1.7649385929107666,0.4727877080440521,1.0811657905578613,0.7414155006408691,0.022794274613261223,1.1608374118804932,5.2729997634887695,79.0,2016
Pakistan,2.7924892902374268,0.23521526157855988,0.7268835306167603,0.4020477831363678,0.12434806674718857,0.6726906895637512,5.269000053405762,80.0,2016
Indonesia,1.4294769763946533,0.4433234632015228,0.995538592338562,0.4923457205295563,0.015317135490477085,1.2744446992874146,5.26200008392334,81.0,2016
Venezuela,1.789463758468628,0.15399712324142456,1.1284312009811401,0.6171442270278931,0.06449112296104431,1.431337594985962,5.25,82.0,2016
Montenegro,1.729191541671753,0.19498905539512634,1.121129035949707,0.6674646735191345,0.08817419409751892,1.238376498222351,5.236999988555908,83.0,2016
Morocco,2.4561893939971924,0.4081583321094513,0.8781145811080933,0.5977106690406799,0.08776318281888962,0.7748644351959229,5.235000133514404,84.0,2016
Azerbaijan,1.762481689453125,0.3981558382511139,1.1536017656326294,0.5407757759094238,0.18098750710487366,1.152400255203247,5.234000205993652,85.0,2016
Dominican Republic,1.319465160369873,0.5525898337364197,1.079373836517334,0.5748737454414368,0.11394525319337845,1.402416706085205,5.230000019073486,86.0,2016
Greece,1.7492215633392334,0.09573125094175339,1.2894874811172485,0.8101989030838013,0.043289776891469955,1.2394145727157593,5.2270002365112305,87.0,2016
Lebanon,1.6950738430023193,0.28851598501205444,1.074987530708313,0.7350810766220093,0.03751382976770401,1.1296242475509644,5.224999904632568,88.0,2016
Portugal,1.107682704925537,0.49846529960632324,1.3151752948760986,0.7958435416221619,0.01586945168673992,1.3670430183410645,5.195000171661377,89.0,2016
Bosnia and Herzegovina,1.8921725749969482,0.20440317690372467,0.9824094176292419,0.7051863074302673,0.0,1.0693359375,5.182000160217285,90.0,2016
Honduras,2.0658111572265625,0.3480798602104187,0.7305731177330017,0.5825694799423218,0.07334545254707336,1.1439449787139893,5.181000232696533,91.0,2016
Macedonia,1.617469310760498,0.325905978679657,1.0645779371261597,0.6449481844902039,0.0602777935564518,1.2078930139541626,5.175000190734863,92.0,2016
Somalia,3.1174845695495605,0.602126955986023,0.022643184289336205,0.11398913711309433,0.28241032361984253,0.7211513519287109,5.151000022888184,93.0,2016
Vietnam,1.4623186588287354,0.5710555911064148,0.7885475754737854,0.6521689891815186,0.08763323724269867,1.2774913311004639,5.073999881744385,94.5,2016
Nigeria,2.3653905391693115,0.39495256543159485,0.7837562561035156,0.056915730237960815,0.02612156607210636,1.2157704830169678,5.073999881744385,94.5,2016
Tajikistan,1.8490493297576904,0.47156670689582825,0.5247136354446411,0.5292351245880127,0.14637714624404907,1.2714632749557495,5.040999889373779,96.0,2016
Bhutan,1.1401844024658203,0.5015376806259155,0.8854163885116577,0.49587929248809814,0.17338038980960846,1.3401265144348145,5.011000156402588,97.0,2016
Kyrgyzstan,1.5367231369018555,0.45494338870048523,0.596220076084137,0.5534577965736389,0.03943917900323868,1.3942385911941528,5.004000186920166,98.0,2016
Nepal,1.8912410736083984,0.4403059482574463,0.479820191860199,0.5041307806968689,0.07297554612159729,1.1792832612991333,4.961999893188477,99.0,2016
Mongolia,1.1112923622131348,0.3941439688205719,1.0272358655929565,0.5577834844589233,0.03290228918194771,1.493011236190796,4.954999923706055,100.0,2016
South Africa,1.510908603668213,0.47924673557281494,1.0546987056732178,0.18708007037639618,0.07250949740409851,1.3847886323928833,4.828999996185303,101.0,2016
Tunisia,1.8902511596679688,0.28968068957328796,1.0072658061981201,0.6132120490074158,0.08672314882278442,0.8683514595031738,4.804999828338623,102.0,2016
Palestinian Territories,1.8788902759552002,0.2547110617160797,0.7162492275238037,0.5656669735908508,0.08928260207176208,1.1556471586227417,4.775000095367432,103.0,2016
Egypt,1.7021610736846924,0.28211015462875366,0.9897018074989319,0.520187258720398,0.11438136547803879,0.9974713921546936,4.735000133514404,104.0,2016
Bulgaria,0.9961392879486084,0.28923171758651733,1.1614590883255005,0.7082176804542542,0.011051530949771404,1.4343794584274292,4.714000225067139,105.0,2016
Sierra Leone,2.668459892272949,0.3186976909637451,0.36842092871665955,0.005564753897488117,0.07109517604112625,0.9841360449790955,4.709000110626221,106.0,2016
Cameroon,2.3336455821990967,0.43038874864578247,0.5643053650856018,0.13289211690425873,0.05130663141608238,0.9460182189941406,4.695000171661377,107.0,2016
Iran,1.498734951019287,0.24932260811328888,1.156873106956482,0.639333188533783,0.048761073499917984,0.7115512490272522,4.691999912261963,108.0,2016
Albania,1.4904415607452393,0.38149863481521606,0.9961927533149719,0.7311597466468811,0.03986421599984169,0.8036852478981018,4.644000053405762,109.0,2016
Bangladesh,1.978736162185669,0.47835665941238403,0.5866829752922058,0.5332410335540771,0.12371785938739777,0.7351317405700684,4.607999801635742,110.0,2016
Namibia,1.4818902015686035,0.5203035473823547,0.9644343256950378,0.33861181139945984,0.09314697235822678,1.0984708070755005,4.573999881744385,111.0,2016
Kenya,1.651902198791504,0.45276376605033875,0.560479462146759,0.3099883496761322,0.0646413192152977,1.06795072555542,4.552999973297119,112.0,2016
Mozambique,2.3556509017944336,0.4807910919189453,0.23430564999580383,0.10665443539619446,0.17943638563156128,0.870701014995575,4.550000190734863,113.0,2016
Myanmar,1.1152904033660889,0.5144920349121094,0.36711055040359497,0.39752256870269775,0.18881620466709137,1.1232359409332275,4.545000076293945,114.0,2016
Senegal,1.7896461486816406,0.37792226672172546,0.4793090224266052,0.4093628525733948,0.11546044796705246,1.1796919107437134,4.534999847412109,115.0,2016
Zambia,1.8267054557800293,0.4616034924983978,0.6364067792892456,0.25783589482307434,0.07821355015039444,1.0031872987747192,4.513999938964844,116.0,2016
Iraq,1.3189072608947754,0.2885555326938629,1.102710485458374,0.5011804699897766,0.1072157546877861,0.9786131978034973,4.497000217437744,117.0,2016
Gabon,1.3229162693023682,0.312328577041626,1.1982102394104004,0.3565785884857178,0.07604678720235825,1.1556202173233032,4.465000152587891,118.0,2016
Ethiopia,2.0157437324523926,0.4088427424430847,0.3392338454723358,0.35340970754623413,0.16545571386814117,0.8646692037582397,4.460000038146973,119.0,2016
Sri Lanka,0.4193892478942871,0.5612132549285889,1.0098501443862915,0.625130832195282,0.07365396618843079,1.2599763870239258,4.440000057220459,120.0,2016
Armenia,1.5214991569519043,0.19830326735973358,0.9005967378616333,0.637524425983429,0.0266744215041399,1.007483720779419,4.375999927520752,121.0,2016
India,1.5191171169281006,0.46998700499534607,0.7922212481498718,0.4554276168346405,0.09222688525915146,0.7543725967407227,4.315000057220459,122.0,2016
Mauritania,1.651637315750122,0.09609804302453995,0.6484572887420654,0.2853492796421051,0.13695700466632843,1.2720308303833008,4.291999816894531,123.0,2016
Congo (Brazzaville),1.7241356372833252,0.4350258708000183,0.8089642524719238,0.2899574339389801,0.07961813360452652,0.8320443630218506,4.290999889373779,124.0,2016
Georgia,1.5001378059387207,0.309410035610199,0.9506126642227173,0.6495469808578491,0.2516666352748871,0.5706149339675903,4.285999774932861,125.0,2016
Congo (Kinshasa),2.224958658218384,0.23596134781837463,0.09210234880447388,0.19140702486038208,0.06024135649204254,1.2290234565734863,4.28000020980835,126.0,2016
Mali,1.6681909561157227,0.3066137433052063,0.4761804938316345,0.16936567425727844,0.10497024655342102,1.2814733982086182,4.190000057220459,127.0,2016
Ivory Coast,1.8449642658233643,0.4477061927318573,0.6030489206314087,0.04864216968417168,0.1300617754459381,0.9047800302505493,4.179999828338623,128.0,2016
Cambodia,1.0429410934448242,0.6333758234977722,0.6017650961875916,0.4297834038734436,0.06810595095157623,1.006238341331482,4.168000221252441,129.0,2016
Sudan,1.687065839767456,0.014995855279266834,0.6595166921615601,0.29092082381248474,0.08984751999378204,1.2140085697174072,4.138999938964844,130.0,2016
Ghana,1.5778675079345703,0.42302629351615906,0.6672248244285583,0.29563772678375244,0.0253363698720932,0.8736647367477417,4.119999885559082,131.0,2016
Ukraine,0.8143823146820068,0.12297477573156357,0.8946519494056702,0.5759039521217346,0.023029470816254616,1.3945375680923462,4.0960001945495605,132.0,2016
Uganda,1.526362657546997,0.443185955286026,0.3814307153224945,0.21763260662555695,0.05706971883773804,1.1298277378082275,4.080999851226807,133.0,2016
Burkina Faso,1.727212905883789,0.32436785101890564,0.3502277135848999,0.2158442586660385,0.12032810598611832,1.043280005455017,4.0320000648498535,134.0,2016
Niger,1.873983383178711,0.36365869641304016,0.1619253307580948,0.2685050070285797,0.13857294619083405,0.993025004863739,4.0279998779296875,135.0,2016
Malawi,2.0817861557006836,0.46691465377807617,0.2334420382976532,0.3150895833969116,0.07271165400743484,0.5125688314437866,3.9700000286102295,136.0,2016
Chad,2.0712380409240723,0.16234202682971954,0.4380129873752594,0.04113471508026123,0.053581882268190384,0.9538558721542358,3.936000108718872,137.0,2016
Zimbabwe,1.5979702472686768,0.33638420701026917,0.3758465349674225,0.1967637538909912,0.09537538141012192,1.083095908164978,3.875,138.0,2016
Lesotho,1.429835319519043,0.3906612992286682,0.5210212469100952,0.0,0.11909464001655579,1.1900951862335205,3.808000087738037,139.0,2016
Angola,1.6144824028015137,0.0,0.8584281802177429,0.049868665635585785,0.06972033530473709,1.1044119596481323,3.7950000762939453,140.0,2016
Afghanistan,2.150801181793213,0.10617952048778534,0.40147721767425537,0.18074677884578705,0.06115783005952835,0.5815433263778687,3.7939999103546143,141.0,2016
Botswana,0.3779137134552002,0.5051963329315186,1.1220941543579102,0.3417555093765259,0.09858319908380508,1.2215549945831299,3.7660000324249268,142.0,2016
Benin,1.8856309652328491,0.42596277594566345,0.43108540773391724,0.2099302113056183,0.06092901527881622,0.4352998435497284,3.6570000648498535,143.0,2016
Madagascar,1.5846126079559326,0.18919676542282104,0.3058086931705475,0.375223308801651,0.06723197549581528,0.9130203723907471,3.6440000534057617,144.0,2016
Haiti,1.6971676349639893,0.03036985732614994,0.3686102628707886,0.27732113003730774,0.0998721495270729,0.6404498219490051,3.6029999256134033,145.0,2016
Yemen,1.3456006050109863,0.24946372210979462,0.5916834473609924,0.3100809156894684,0.05676742270588875,0.9353822469711304,3.5929999351501465,146.0,2016
South Sudan,1.8795673847198486,0.14706243574619293,0.39724862575531006,0.16348600387573242,0.11679351329803467,0.601323127746582,3.5910000801086426,147.0,2016
Liberia,1.673285961151123,0.3328811824321747,0.1190417930483818,0.2299181967973709,0.03894824907183647,0.8721179366111755,3.5329999923706055,148.0,2016
Guinea,1.552311897277832,0.3485875129699707,0.2445499300956726,0.19412913918495178,0.11093761771917343,0.7912446856498718,3.506999969482422,149.0,2016
Togo,1.8372292518615723,0.3804261386394501,0.30544471740722656,0.24710556864738464,0.09566501528024673,0.4318825304508209,3.494999885559082,150.0,2016
Rwanda,0.5400612354278564,0.5818438529968262,0.368745893239975,0.32642480731010437,0.4552200138568878,0.9457070231437683,3.4709999561309814,151.0,2016
Syria,1.0615735054016113,0.08153944462537766,0.7771531343460083,0.5005333423614502,0.15134713053703308,0.3961026072502136,3.4619998931884766,152.0,2016
Tanzania,0.6211304664611816,0.3900177776813507,0.5111358761787415,0.3645092844963074,0.06603510677814484,1.041989803314209,3.3489999771118164,153.0,2016
Burundi,1.6830241680145264,0.05990075320005417,0.09162256866693497,0.15161079168319702,0.08414794504642487,0.6297935843467712,2.9049999713897705,154.0,2016
Central African Republic,2.066004753112793,0.270842045545578,0.0,0.018772685900330544,0.05656507611274719,0.0,2.693000078201294,155.0,2016
Finland,2.595186233520508,0.6806334853172302,1.3050953149795532,0.8744536638259888,0.3929609954357147,1.5921342372894287,7.6321001052856445,1.0,2017
Norway,2.383241653442383,0.6864202618598938,1.4556267261505127,0.8607627153396606,0.33968719840049744,1.5823396444320679,7.593699932098389,2.0,2017
Denmark,2.3701791763305664,0.6832507848739624,1.351153016090393,0.8679331541061401,0.40791699290275574,1.590452790260315,7.555300235748291,3.0,2017
Iceland,2.4259896278381348,0.6765021681785583,1.3433012962341309,0.9138023853302002,0.13801898062229156,1.6443780660629272,7.495200157165527,4.0,2017
Switzerland,2.319528579711914,0.6597794890403748,1.419727087020874,0.9270759224891663,0.35667726397514343,1.548998236656189,7.487299919128418,5.0,2017
Netherlands,2.44842529296875,0.6380650401115417,1.3609089851379395,0.8777100443840027,0.2945946156978607,1.4882769584655762,7.441299915313721,6.0,2017
Canada,2.3057498931884766,0.6530670523643494,1.3304117918014526,0.8958456516265869,0.29090696573257446,1.5319098234176636,7.328499794006348,7.0,2017
New Zealand,2.156167984008789,0.6688672304153442,1.2680160999298096,0.8760755658149719,0.38884034752845764,1.600624680519104,7.323800086975098,8.0,2017
Sweden,2.216858386993408,0.6594042778015137,1.3554390668869019,0.9134620428085327,0.3832118809223175,1.5014808177947998,7.314499855041504,9.0,2017
Australia,2.1392364501953125,0.6465258002281189,1.3399512767791748,0.9104446768760681,0.3023518919944763,1.5725363492965698,7.27209997177124,10.0,2017
Israel,2.8167266845703125,0.46404775977134705,1.2438241243362427,0.8883513808250427,0.08168274909257889,1.432910442352295,7.190000057220459,11.0,2017
Austria,2.3194780349731445,0.6172422170639038,1.3413516283035278,0.8913583755493164,0.22382000088691711,1.5041015148162842,7.139400005340576,12.0,2017
Costa Rica,2.9105424880981445,0.6315194368362427,1.010085940361023,0.8166993856430054,0.10061432421207428,1.4588936567306519,7.071700096130371,13.0,2017
Ireland,1.8442978858947754,0.6139653921127319,1.4475821256637573,0.8762854933738708,0.3058188855648041,1.5826349258422852,6.977099895477295,14.0,2017
Germany,2.1507568359375,0.5861545205116272,1.3396198749542236,0.8605249524116516,0.2798430323600769,1.4743528366088867,6.964700222015381,15.0,2017
Belgium,2.215041160583496,0.5826928019523621,1.3235224485397339,0.8943246006965637,0.2403932511806488,1.4828758239746094,6.9268999099731445,16.0,2017
Luxembourg,1.7685508728027344,0.6320199966430664,1.576079249382019,0.8961794376373291,0.32099151611328125,1.5200711488723755,6.909900188446045,17.0,2017
United States,2.227151393890381,0.5473175644874573,1.3980430364608765,0.8189616799354553,0.1334339827299118,1.470543384552002,6.886000156402588,18.0,2017
United Kingdom,1.9120063781738281,0.5326727032661438,1.301310420036316,0.8832120299339294,0.2720714509487152,1.5587326288223267,6.814300060272217,19.0,2017
United Arab Emirates,2.095860481262207,0.6698377132415771,1.467124581336975,0.7761461734771729,0.18562638759613037,1.2955563068389893,6.774099826812744,20.0,2017
Czech Republic,2.4937963485717773,0.54264235496521,1.2334682941436768,0.8540759086608887,0.03363683819770813,1.4893184900283813,6.710899829864502,21.0,2017
Malta,1.7837519645690918,0.6453388333320618,1.2702007293701172,0.8843668699264526,0.14224694669246674,1.5248963832855225,6.6265997886657715,22.0,2017
France,2.0277533531188965,0.5203059315681458,1.2927850484848022,0.9084950089454651,0.17569075524806976,1.4664455652236938,6.489299774169922,23.0,2017
Mexico,2.7945103645324707,0.47918078303337097,1.0382345914840698,0.7606626749038696,0.09470430016517639,1.2522331476211548,6.4882001876831055,24.0,2017
Chile,2.5165913105010986,0.43122950196266174,1.1313050985336304,0.8083751201629639,0.06061111018061638,1.3310205936431885,6.476200103759766,25.0,2017
Taiwan Province of China,2.1361265182495117,0.41755861043930054,1.3650527000427246,0.85737544298172,0.07785949856042862,1.4359679222106934,6.4405999183654785,26.0,2017
Panama,2.3361802101135254,0.5968670845031738,1.1122004985809326,0.7587998509407043,0.06309143453836441,1.4383903741836548,6.429999828338623,27.0,2017
Brazil,2.5920255184173584,0.4934636950492859,0.9858960509300232,0.6751376390457153,0.08780327439308167,1.4743058681488037,6.418900012969971,28.0,2017
Argentina,2.418200731277466,0.5697102546691895,1.0726706981658936,0.7435851693153381,0.05350707843899727,1.4683414697647095,6.388000011444092,29.0,2017
Guatemala,2.8707187175750732,0.6042977571487427,0.7813247442245483,0.6084140539169312,0.07061436027288437,1.2676764726638794,6.381899833679199,30.0,2017
Uruguay,2.146977424621582,0.624857485294342,1.0926628112792969,0.770585298538208,0.1553344577550888,1.4587924480438232,6.378799915313721,31.0,2017
Qatar,1.5930633544921875,0.6540510058403015,1.649053931236267,0.7480026483535767,0.17054492235183716,1.3033168315887451,6.374499797821045,32.0,2017
Saudi Arabia,2.2933449745178223,0.5089555978775024,1.3787645101547241,0.633422315120697,0.12683570384979248,1.3312712907791138,6.3709001541137695,33.0,2017
Singapore,1.0050158500671387,0.6313455700874329,1.5292936563491821,1.0080009698867798,0.45696985721588135,1.4511654376983643,6.343200206756592,34.0,2017
Malaysia,2.506686210632324,0.3561541736125946,1.1613143682479858,0.6691382527351379,0.05915569141507149,1.2582391500473022,6.3221001625061035,35.0,2017
Spain,1.8923230171203613,0.44884124398231506,1.25081467628479,0.9648756980895996,0.07382475584745407,1.5376429557800293,6.309899806976318,36.0,2017
Colombia,2.556332588195801,0.5314263701438904,0.9604275226593018,0.6350556015968323,0.03942778334021568,1.4388209581375122,6.2600998878479,37.0,2017
Trinidad & Tobago,2.1484527587890625,0.5750807523727417,1.2227057218551636,0.5637515187263489,0.018647367134690285,1.4921518564224243,6.19189977645874,38.0,2017
Slovakia,2.165400505065918,0.3535221517086029,1.209889531135559,0.7761403918266296,0.013820428401231766,1.5370469093322754,6.173399925231934,39.0,2017
El Salvador,2.883554458618164,0.460673451423645,0.805826723575592,0.6386412382125854,0.08233680576086044,1.2306830883026123,6.166800022125244,40.0,2017
Nicaragua,2.59045147895813,0.5267428755760193,0.6682993769645691,0.6998415589332581,0.1284787505865097,1.3194842338562012,6.140999794006348,41.0,2017
Poland,2.0016632080078125,0.5457288026809692,1.1755410432815552,0.7808310389518738,0.06386008858680725,1.4478323459625244,6.123000144958496,42.0,2017
Bahrain,1.742861270904541,0.5943799614906311,1.337769627571106,0.6984155178070068,0.12306288629770279,1.3656396865844727,6.105100154876709,43.0,2017
Uzbekistan,1.876936912536621,0.7244771122932434,0.7188507318496704,0.604837954044342,0.25874704122543335,1.5844265222549438,6.096099853515625,44.0,2017
Kuwait,1.8051939010620117,0.5542811155319214,1.473714828491211,0.6751507520675659,0.10618121176958084,1.301490068435669,6.083399772644043,45.0,2017
Thailand,1.9023003578186035,0.6373342871665955,1.0159679651260376,0.7067188620567322,0.029144583269953728,1.4172539710998535,6.072299957275391,46.0,2017
Italy,1.8431191444396973,0.2810191214084625,1.2641404867172241,0.9464305639266968,0.028451034799218178,1.500649333000183,6.000400066375732,47.0,2017
Ecuador,2.2280795574188232,0.5561459064483643,0.8891646265983582,0.7355789542198181,0.12015347182750702,1.330140233039856,5.973199844360352,48.0,2017
Belize,2.709784746170044,0.5927506685256958,0.8067291378974915,0.47433289885520935,0.08860156685113907,1.1008877754211426,5.955599784851074,49.0,2017
Lithuania,2.130009889602661,0.34985634684562683,1.1968435049057007,0.7155284285545349,0.0063554951921105385,1.527135968208313,5.951900005340576,50.0,2017
Slovenia,1.5222811698913574,0.6329253315925598,1.2190436124801636,0.8562099933624268,0.050951000303030014,1.5063902139663696,5.9475998878479,51.0,2017
Romania,2.2685952186584473,0.5275211334228516,1.115623950958252,0.7263840436935425,0.0006922887987457216,1.218840479850769,5.945199966430664,52.0,2017
Latvia,2.1389856338500977,0.36294493079185486,1.1480040550231934,0.6708524823188782,0.06633470207452774,1.4543122053146362,5.93310022354126,53.0,2017
Japan,1.3900346755981445,0.5530027151107788,1.2942112684249878,0.9879024028778076,0.14967499673366547,1.4616018533706665,5.914999961853027,54.0,2017
Mauritius,1.8512120246887207,0.5839028358459473,1.0901397466659546,0.6838793158531189,0.04988715797662735,1.3874260187149048,5.891499996185303,55.0,2017
Jamaica,2.181818962097168,0.5752726793289185,0.8185553550720215,0.6933956742286682,0.031291648745536804,1.4931496381759644,5.889800071716309,56.0,2017
South Korea,1.9796268939971924,0.24419446289539337,1.2663074731826782,0.9546517729759216,0.05143860727548599,1.2041566371917725,5.874899864196777,57.0,2017
Northern Cyprus,1.6587514877319336,0.4948965013027191,1.2288159132003784,0.9091323018074036,0.153538778424263,1.2110105752944946,5.834799766540527,58.0,2017
Russia,2.091289520263672,0.39928874373435974,1.1510967016220093,0.598529040813446,0.02537189982831478,1.4790383577346802,5.809700012207031,59.0,2017
Kazakhstan,1.7777347564697266,0.45360198616981506,1.1426219940185547,0.6313183903694153,0.12070529907941818,1.5164777040481567,5.79010009765625,60.0,2017
Cyprus,1.7736120223999023,0.4227535128593445,1.2288159132003784,0.9091323018074036,0.034976180642843246,1.190749168395996,5.762499809265137,61.0,2017
Bolivia,2.4686174392700195,0.605736494064331,0.7511102557182312,0.5083884596824646,0.05382319167256355,1.2230604887008667,5.7519001960754395,62.0,2017
Estonia,1.4571342468261719,0.5527929663658142,1.2000222206115723,0.7372651100158691,0.17386746406555176,1.5324110984802246,5.739200115203857,63.0,2017
Paraguay,1.9322805404663086,0.5405383110046387,0.8345803022384644,0.6150156855583191,0.07404571026563644,1.5220855474472046,5.680600166320801,64.0,2017
Peru,2.15094256401062,0.5299767255783081,0.9335164427757263,0.6740342378616333,0.03416664898395538,1.248977780342102,5.6631999015808105,65.0,2017
Kosovo,2.254913806915283,0.448167085647583,0.8548039793968201,0.5776716470718384,0.022960901260375977,1.2297848463058472,5.662099838256836,66.0,2017
Moldova,2.6587631702423096,0.2321626842021942,0.6566085815429688,0.6202210783958435,0.00032557593658566475,1.3006945848464966,5.639699935913086,67.0,2017
Turkmenistan,1.9180607795715332,0.4166015088558197,1.0155855417251587,0.5167500376701355,0.0373101681470871,1.5328292846679688,5.636199951171875,68.0,2017
Hungary,1.9741027355194092,0.25900799036026,1.1710361242294312,0.7315454483032227,0.022260475903749466,1.4013171195983887,5.619999885559082,69.0,2017
Libya,1.918407678604126,0.49592381715774536,0.9851462841033936,0.5526846051216125,0.14820453524589539,1.3498409986495972,5.565700054168701,70.0,2017
Philippines,2.055793285369873,0.642839789390564,0.77534019947052,0.5126478672027588,0.10517649352550507,1.3123725652694702,5.524099826812744,71.0,2017
Honduras,2.3277993202209473,0.4586196541786194,0.6196351051330566,0.6224069595336914,0.07358042150735855,1.205193281173706,5.504000186920166,72.0,2017
Belarus,1.684037685394287,0.3072832226753235,1.038780689239502,0.7001222372055054,0.15436619520187378,1.4977613687515259,5.48330020904541,73.0,2017
Turkey,1.7294402122497559,0.32427555322647095,1.148337483406067,0.6856197118759155,0.10878204554319382,1.3804458379745483,5.482500076293945,74.0,2017
Pakistan,2.9230213165283203,0.3343447744846344,0.6524404287338257,0.42374271154403687,0.11329315602779388,0.8095431923866272,5.472499847412109,75.0,2017
"Hong Kong SAR, China",0.6436223983764648,0.5242166519165039,1.4050618410110474,1.029650330543518,0.2914305329322815,1.2899816036224365,5.4303998947143555,76.0,2017
Portugal,1.2762255668640137,0.562037467956543,1.1875145435333252,0.8835936188697815,0.016621582210063934,1.4294682741165161,5.410399913787842,77.0,2017
Serbia,1.9047045707702637,0.2878657877445221,0.9746984243392944,0.6849715709686279,0.04289807379245758,1.369261622428894,5.398200035095215,78.0,2017
Greece,1.9481596946716309,0.130929097533226,1.1538006067276,0.8785916566848755,0.04446505755186081,1.2019144296646118,5.357900142669678,79.0,2017
Tajikistan,2.2484333515167236,0.5034967660903931,0.4741392731666565,0.5978690981864929,0.13553710281848907,1.1789753437042236,5.352499961853027,80.0,2017
Montenegro,1.869539737701416,0.2592701017856598,1.0172784328460693,0.7292125821113586,0.08144690096378326,1.279393196105957,5.347499847412109,81.0,2017
Croatia,1.7689571380615234,0.3803746700286865,1.114919662475586,0.7370166182518005,0.03894805908203125,1.1609705686569214,5.321199893951416,82.0,2017
Dominican Republic,1.4609036445617676,0.5782750844955444,0.9816815853118896,0.6144899129867554,0.10573991388082504,1.4407349824905396,5.301799774169922,83.0,2017
Algeria,2.2085347175598145,0.07727978378534317,0.9788573980331421,0.686598539352417,0.13451658189296722,1.153656005859375,5.294600009918213,84.0,2017
Morocco,2.447866439819336,0.46011635661125183,0.7787924408912659,0.668939471244812,0.07425975799560547,0.7973423004150391,5.253699779510498,85.0,2017
China,1.586327075958252,0.5967881083488464,0.9893170595169067,0.7994024753570557,0.10333537310361862,1.1419768333435059,5.245800018310547,86.0,2017
Azerbaijan,1.7755656242370605,0.4298434853553772,1.0240182876586914,0.6028764247894287,0.17649176716804504,1.1608912944793701,5.2006001472473145,87.0,2017
Lebanon,1.7707347869873047,0.2916523218154907,0.9645389318466187,0.7854334712028503,0.033602774143218994,1.1664036512374878,5.19890022277832,88.0,2017
Macedonia,1.6753802299499512,0.39448845386505127,0.9593454599380493,0.6905881762504578,0.0524614118039608,1.2393220663070679,5.184800148010254,89.0,2017
Jordan,1.6974108219146729,0.4678218364715576,0.8215855956077576,0.6448798775672913,0.13417395949363708,1.2649818658828735,5.160699844360352,90.0,2017
Nigeria,2.5521538257598877,0.46185705065727234,0.6891199350357056,0.04772007465362549,0.031750354915857315,1.1717095375061035,5.155399799346924,91.0,2017
Kyrgyzstan,1.7358877658843994,0.5398911237716675,0.5296487212181091,0.5936762094497681,0.03458021208643913,1.4163885116577148,5.130799770355225,92.0,2017
Bosnia and Herzegovina,1.8825948238372803,0.280308336019516,0.9149173498153687,0.7575580477714539,0.0,1.0780521631240845,5.12939977645874,93.0,2017
Mongolia,1.4381511211395264,0.39512839913368225,0.9141743779182434,0.5753622055053711,0.03171302750706673,1.5172455310821533,5.124599933624268,94.0,2017
Vietnam,1.447296142578125,0.6182425022125244,0.7146314978599548,0.7015249729156494,0.07949893921613693,1.3650060892105103,5.1031999588012695,95.0,2017
Indonesia,1.416755199432373,0.538158118724823,0.899046778678894,0.5223903059959412,0.01763121411204338,1.2145723104476929,5.092599868774414,96.0,2017
Bhutan,1.3482608795166016,0.5414953231811523,0.7963624000549316,0.5265668034553528,0.1708206832408905,1.3346152305603027,5.082099914550781,97.0,2017
Somalia,2.960510015487671,0.6736196875572205,0.0,0.11540452390909195,0.2820918560028076,0.7119246125221252,4.981500148773193,98.0,2017
Cameroon,2.687650680541992,0.45361799001693726,0.5346613526344299,0.1823902577161789,0.04339998587965965,0.8908131718635559,4.975299835205078,99.0,2017
Bulgaria,1.21879243850708,0.3587571680545807,1.0544373989105225,0.7123537063598633,0.009341991506516933,1.5152291059494019,4.93310022354126,100.0,2017
Nepal,1.7821800708770752,0.5261306762695312,0.4253782033920288,0.5386286377906799,0.07788365334272385,1.228227972984314,4.88040018081665,101.0,2017
Venezuela,1.4423677921295166,0.13310422003269196,0.9956647753715515,0.657052218914032,0.051631730049848557,1.4694135189056396,4.805600166320801,102.0,2017
Gabon,1.7145981788635254,0.3562869131565094,1.036277174949646,0.40405818819999695,0.0515572726726532,1.1635326147079468,4.758299827575684,103.0,2017
Palestinian Territories,1.853147268295288,0.26615840196609497,0.6424106955528259,0.6024050116539001,0.0764569342136383,1.216771125793457,4.743299961090088,104.0,2017
South Africa,1.3680503368377686,0.5164846777915955,0.9399137496948242,0.3299905061721802,0.055745553225278854,1.410448431968689,4.723999977111816,105.0,2017
Iran,1.3148643970489502,0.45935389399528503,1.0585342645645142,0.6907561421394348,0.12927007675170898,0.7713978290557861,4.706600189208984,106.0,2017
Ivory Coast,2.462675094604492,0.4665166437625885,0.5408130884170532,0.08032109588384628,0.10295616090297699,0.8715333342552185,4.671199798583984,107.0,2017
Ghana,2.093201160430908,0.49852821230888367,0.591718316078186,0.33724260330200195,0.028757043182849884,0.8957529067993164,4.6570000648498535,108.0,2017
Senegal,2.025845766067505,0.40554824471473694,0.4289061427116394,0.43322330713272095,0.08212511241436005,1.1174556016921997,4.631100177764893,109.0,2017
Laos,1.3994405269622803,0.6262126564979553,0.719760537147522,0.4408348798751831,0.17367811501026154,1.033528208732605,4.6230998039245605,110.0,2017
Tunisia,1.7224149703979492,0.2705073654651642,0.8997398614883423,0.6903191208839417,0.06274396926164627,0.9064324498176575,4.592400074005127,111.0,2017
Albania,1.4621477127075195,0.41866934299468994,0.9157823324203491,0.7903871536254883,0.032435569912195206,0.8174046874046326,4.585999965667725,112.0,2017
Sierra Leone,2.854811668395996,0.35518157482147217,0.25615593791007996,0.0,0.05302267149090767,0.8131965398788452,4.5706000328063965,113.0,2017
Congo (Brazzaville),2.040755033493042,0.5137890577316284,0.6815993189811707,0.3429745137691498,0.07730104774236679,0.810759425163269,4.558700084686279,114.0,2017
Bangladesh,1.6635355949401855,0.5796324014663696,0.5323375463485718,0.5785332322120667,0.143806591629982,0.8495650887489319,4.500400066375732,115.0,2017
Sri Lanka,0.6237623691558838,0.5851258039474487,0.9178501963615417,0.6718994379043579,0.050183672457933426,1.3143577575683594,4.470600128173828,116.0,2017
Iraq,1.3926291465759277,0.30368438363075256,1.00986647605896,0.5359869599342346,0.09460555762052536,0.9712120294570923,4.455599784851074,117.0,2017
Mali,2.129509687423706,0.367292195558548,0.36980339884757996,0.1519869565963745,0.05589870363473892,1.2331777811050415,4.447000026702881,118.0,2017
Namibia,1.286625862121582,0.5192915201187134,0.8738217949867249,0.3654039800167084,0.06418224424123764,1.2813522815704346,4.441299915313721,119.0,2017
Cambodia,1.3212542533874512,0.6963827013969421,0.548668622970581,0.456770122051239,0.06492577493190765,1.0882600545883179,4.432600021362305,120.0,2017
Burkina Faso,2.1448960304260254,0.3116353154182434,0.31366679072380066,0.2540653347969055,0.12793080508708954,1.096742033958435,4.4243998527526855,121.0,2017
Egypt,1.4442486763000488,0.3120766878128052,0.8853837251663208,0.5534133911132812,0.10661673545837402,1.0250195264816284,4.4191999435424805,122.0,2017
Mozambique,2.2493197917938232,0.5308656692504883,0.1980043202638626,0.17265331745147705,0.1582414209842682,0.9018967151641846,4.416600227355957,123.0,2017
Kenya,1.5029850006103516,0.5036996006965637,0.4930550754070282,0.45441216230392456,0.055136509239673615,1.0479494333267212,4.4096999168396,124.0,2017
Zambia,1.6668968200683594,0.5026000738143921,0.5623911023139954,0.2945159673690796,0.0819481685757637,1.04740571975708,4.377099990844727,125.0,2017
Mauritania,1.905339241027832,0.12853366136550903,0.5570274591445923,0.2920340299606323,0.09332285076379776,1.245025873184204,4.355500221252441,126.0,2017
Ethiopia,1.8835387229919434,0.45190224051475525,0.3079293370246887,0.39091795682907104,0.1460377722978592,0.9502791166305542,4.350200176239014,127.0,2017
Georgia,1.623988389968872,0.3754484951496124,0.8532842397689819,0.6425914168357849,0.2147393673658371,0.5919453501701355,4.3404998779296875,128.0,2017
Armenia,1.4829938411712646,0.26009973883628845,0.816387414932251,0.6661890149116516,0.027643149718642235,0.9902000427246094,4.3206000328063965,129.0,2017
Myanmar,0.6673431396484375,0.579642117023468,0.6821320056915283,0.4293920695781708,0.17805826663970947,1.1736785173416138,4.307799816131592,130.0,2017
Chad,2.5532326698303223,0.1889054775238037,0.3578294515609741,0.052842456847429276,0.059947721660137177,0.9070131182670593,4.300600051879883,131.0,2017
Congo (Kinshasa),2.2739553451538086,0.3123452663421631,0.06922585517168045,0.20432667434215546,0.052252110093832016,1.135616421699524,4.244900226593018,132.0,2017
India,1.4317996501922607,0.5393124222755432,0.7212600708007812,0.4849277138710022,0.09318190813064575,0.7471428513526917,4.189799785614014,133.0,2017
Niger,2.282719612121582,0.3897864520549774,0.13135278224945068,0.22082921862602234,0.09890391677618027,0.8665677309036255,4.165500164031982,134.0,2017
Uganda,1.7421619892120361,0.44971323013305664,0.3217732608318329,0.23699095845222473,0.060604363679885864,1.0901086330413818,4.160799980163574,135.0,2017
Benin,2.4808173179626465,0.4397498071193695,0.37780383229255676,0.24042563140392303,0.06683370471000671,0.372498482465744,4.14139986038208,136.0,2017
Sudan,1.7495472431182861,0.016234979033470154,0.6050200462341309,0.312173068523407,0.08175152540206909,1.2400435209274292,4.138700008392334,137.0,2017
Ukraine,0.9268991947174072,0.1625741422176361,0.7929980158805847,0.6092634201049805,0.011440815404057503,1.4127649068832397,4.10290002822876,138.0,2017
Togo,2.3189613819122314,0.43412429094314575,0.25935932993888855,0.25290340185165405,0.10067674517631531,0.47427070140838623,3.998500108718872,139.0,2017
Guinea,1.9428322315216064,0.3943195343017578,0.3437080383300781,0.21147370338439941,0.09382466971874237,0.7924559116363525,3.964099884033203,140.0,2017
Lesotho,1.3917415142059326,0.42294207215309143,0.47247982025146484,0.07898062467575073,0.11150460690259933,1.2149460315704346,3.808199882507324,141.0,2017
Angola,1.5305309295654297,0.0,0.730156660079956,0.2689856290817261,0.0612761490046978,1.1250203847885132,3.794800043106079,142.0,2017
Madagascar,1.7776857614517212,0.22106988728046417,0.26234179735183716,0.4017691910266876,0.04853280261158943,0.9076550602912903,3.7736001014709473,143.0,2017
Zimbabwe,1.355912446975708,0.40598225593566895,0.35728293657302856,0.24789117276668549,0.09893959760665894,1.0943148136138916,3.6923000812530518,144.0,2017
Afghanistan,2.195918321609497,0.08455177396535873,0.3318142592906952,0.25477156043052673,0.03626769781112671,0.5371913313865662,3.631500005722046,145.0,2017
Botswana,0.29165053367614746,0.5567956566810608,1.0165746212005615,0.4165653884410858,0.09225855767726898,1.1736152172088623,3.5897998809814453,146.0,2017
Malawi,1.7323668003082275,0.5305394530296326,0.18607757985591888,0.3057853579521179,0.08025054633617401,0.5414249897003174,3.5868000984191895,147.0,2017
Haiti,1.7436509132385254,0.024843599647283554,0.3147472143173218,0.28920015692710876,0.10356620699167252,0.7136093378067017,3.5820000171661377,148.0,2017
Liberia,1.6400994062423706,0.41888856887817383,0.07572794705629349,0.26659858226776123,0.030021600425243378,0.8584324717521667,3.4953999519348145,149.0,2017
Syria,1.2441434860229492,0.08827713876962662,0.6887790560722351,0.5388488173484802,0.14431506395339966,0.3816407024860382,3.461899995803833,150.0,2017
Rwanda,0.499957799911499,0.6359075903892517,0.33232781291007996,0.40005725622177124,0.44449201226234436,0.8956395983695984,3.408099889755249,151.0,2017
Yemen,1.1064739227294922,0.24387027323246002,0.44152724742889404,0.34321630001068115,0.06414559483528137,1.0726127624511719,3.3548998832702637,152.0,2017
Tanzania,0.6280851364135742,0.4809245765209198,0.454863578081131,0.3812969923019409,0.09719528257846832,0.9911340475082397,3.303499937057495,153.0,2017
South Sudan,1.6906251907348633,0.11160411685705185,0.33737000823020935,0.17746010422706604,0.1056746244430542,0.607501745223999,3.254199981689453,154.0,2017
Central African Republic,2.487011432647705,0.30528029799461365,0.023905429989099503,0.010100054554641247,0.038344308733940125,0.0,3.0829999446868896,155.0,2017
Burundi,1.7517935037612915,0.06485041975975037,0.09080624580383301,0.14532509446144104,0.07595334947109222,0.6269023418426514,2.9045000076293945,156.0,2017
